repo,urn,file,structure_signature
canonical-greekLit,urn:cts:greekLit:tlg0012.tlg001.perseus-eng3,tlg0012/tlg001/tlg0012.tlg001.perseus-eng3.xml,book+card
canonical-greekLit,urn:cts:greekLit:tlg0012.tlg001.perseus-eng4,tlg0012/tlg001/tlg0012.tlg001.perseus-eng4.xml,book+card
canonical-greekLit,urn:cts:greekLit:tlg0012.tlg002.perseus-eng3,tlg0012/tlg002/tlg0012.tlg002.perseus-eng3.xml,book+card
canonical-greekLit,urn:cts:greekLit:tlg0012.tlg002.perseus-eng4,tlg0012/tlg002/tlg0012.tlg002.perseus-eng4.xml,book+card
canonical-greekLit,urn:cts:greekLit:tlg0074.tlg003.perseus-grc2,tlg0074/tlg003/tlg0074.tlg003.perseus-grc2.xml,chapter+section
canonical-greekLit,urn:cts:greekLit:tlg0086.tlg035.perseus-eng2,tlg0086/tlg035/tlg0086.tlg035.perseus-eng2.xml,bekker_page+book+l
canonical-greekLit,urn:cts:greekLit:tlg0086.tlg035.perseus-grc2,tlg0086/tlg035/tlg0086.tlg035.perseus-grc2.xml,bekker_page+book+l
canonical-greekLit,urn:cts:greekLit:tlg0284.tlg001.perseus-grc2,tlg0284/tlg001/tlg0284.tlg001.perseus-grc2.xml,jebb_page
canonical-greekLit,urn:cts:greekLit:tlg0284.tlg002.perseus-grc2,tlg0284/tlg002/tlg0284.tlg002.perseus-grc2.xml,jebb_page
canonical-greekLit,urn:cts:greekLit:tlg0284.tlg003.perseus-grc2,tlg0284/tlg003/tlg0284.tlg003.perseus-grc2.xml,jebb_page
canonical-greekLit,urn:cts:greekLit:tlg0284.tlg004.perseus-grc2,tlg0284/tlg004/tlg0284.tlg004.perseus-grc2.xml,jebb_page
canonical-greekLit,urn:cts:greekLit:tlg0284.tlg005.perseus-grc2,tlg0284/tlg005/tlg0284.tlg005.perseus-grc2.xml,jebb_page
canonical-greekLit,urn:cts:greekLit:tlg0284.tlg006.perseus-grc2,tlg0284/tlg006/tlg0284.tlg006.perseus-grc2.xml,jebb_page
canonical-greekLit,urn:cts:greekLit:tlg0284.tlg007.perseus-grc2,tlg0284/tlg007/tlg0284.tlg007.perseus-grc2.xml,jebb_page
canonical-greekLit,urn:cts:greekLit:tlg0284.tlg008.perseus-grc2,tlg0284/tlg008/tlg0284.tlg008.perseus-grc2.xml,jebb_page
canonical-greekLit,urn:cts:greekLit:tlg0284.tlg009.perseus-grc2,tlg0284/tlg009/tlg0284.tlg009.perseus-grc2.xml,jebb_page
canonical-greekLit,urn:cts:greekLit:tlg0284.tlg010.perseus-grc2,tlg0284/tlg010/tlg0284.tlg010.perseus-grc2.xml,jebb_page
canonical-greekLit,urn:cts:greekLit:tlg0284.tlg011.perseus-grc2,tlg0284/tlg011/tlg0284.tlg011.perseus-grc2.xml,jebb_page
canonical-greekLit,urn:cts:greekLit:tlg0284.tlg012.perseus-grc2,tlg0284/tlg012/tlg0284.tlg012.perseus-grc2.xml,jebb_page
canonical-greekLit,urn:cts:greekLit:tlg0284.tlg013.perseus-grc2,tlg0284/tlg013/tlg0284.tlg013.perseus-grc2.xml,jebb_page+l
canonical-greekLit,urn:cts:greekLit:tlg0284.tlg014.perseus-grc2,tlg0284/tlg014/tlg0284.tlg014.perseus-grc2.xml,jebb_page
canonical-greekLit,urn:cts:greekLit:tlg0284.tlg015.perseus-grc2,tlg0284/tlg015/tlg0284.tlg015.perseus-grc2.xml,jebb_page
canonical-greekLit,urn:cts:greekLit:tlg0284.tlg016.perseus-grc2,tlg0284/tlg016/tlg0284.tlg016.perseus-grc2.xml,jebb_page
canonical-greekLit,urn:cts:greekLit:tlg0284.tlg017.perseus-grc2,tlg0284/tlg017/tlg0284.tlg017.perseus-grc2.xml,jebb_page+l
canonical-greekLit,urn:cts:greekLit:tlg0284.tlg018.perseus-grc2,tlg0284/tlg018/tlg0284.tlg018.perseus-grc2.xml,jebb_page
canonical-greekLit,urn:cts:greekLit:tlg0284.tlg019.perseus-grc2,tlg0284/tlg019/tlg0284.tlg019.perseus-grc2.xml,jebb_page
canonical-greekLit,urn:cts:greekLit:tlg0284.tlg020.perseus-grc2,tlg0284/tlg020/tlg0284.tlg020.perseus-grc2.xml,jebb_page
canonical-greekLit,urn:cts:greekLit:tlg0284.tlg021.perseus-grc2,tlg0284/tlg021/tlg0284.tlg021.perseus-grc2.xml,jebb_page
canonical-greekLit,urn:cts:greekLit:tlg0284.tlg022.perseus-grc2,tlg0284/tlg022/tlg0284.tlg022.perseus-grc2.xml,jebb_page
canonical-greekLit,urn:cts:greekLit:tlg0284.tlg023.perseus-grc2,tlg0284/tlg023/tlg0284.tlg023.perseus-grc2.xml,jebb_page+l
canonical-greekLit,urn:cts:greekLit:tlg0284.tlg024.perseus-grc2,tlg0284/tlg024/tlg0284.tlg024.perseus-grc2.xml,jebb_page+l
canonical-greekLit,urn:cts:greekLit:tlg0284.tlg025.perseus-grc2,tlg0284/tlg025/tlg0284.tlg025.perseus-grc2.xml,jebb_page+l
canonical-greekLit,urn:cts:greekLit:tlg0284.tlg026.perseus-grc2,tlg0284/tlg026/tlg0284.tlg026.perseus-grc2.xml,jebb_page
canonical-greekLit,urn:cts:greekLit:tlg0284.tlg027.perseus-grc2,tlg0284/tlg027/tlg0284.tlg027.perseus-grc2.xml,jebb_page
canonical-greekLit,urn:cts:greekLit:tlg0284.tlg028.perseus-grc2,tlg0284/tlg028/tlg0284.tlg028.perseus-grc2.xml,jebb_page
canonical-greekLit,urn:cts:greekLit:tlg0284.tlg029.perseus-grc2,tlg0284/tlg029/tlg0284.tlg029.perseus-grc2.xml,jebb_page
canonical-greekLit,urn:cts:greekLit:tlg0284.tlg030.perseus-grc2,tlg0284/tlg030/tlg0284.tlg030.perseus-grc2.xml,jebb_page
canonical-greekLit,urn:cts:greekLit:tlg0284.tlg031.perseus-grc2,tlg0284/tlg031/tlg0284.tlg031.perseus-grc2.xml,jebb_page
canonical-greekLit,urn:cts:greekLit:tlg0284.tlg032.perseus-grc2,tlg0284/tlg032/tlg0284.tlg032.perseus-grc2.xml,jebb_page
canonical-greekLit,urn:cts:greekLit:tlg0284.tlg033.perseus-grc2,tlg0284/tlg033/tlg0284.tlg033.perseus-grc2.xml,jebb_page
canonical-greekLit,urn:cts:greekLit:tlg0284.tlg034.perseus-grc2,tlg0284/tlg034/tlg0284.tlg034.perseus-grc2.xml,jebb_page
canonical-greekLit,urn:cts:greekLit:tlg0284.tlg035.perseus-grc2,tlg0284/tlg035/tlg0284.tlg035.perseus-grc2.xml,jebb_page
canonical-greekLit,urn:cts:greekLit:tlg0284.tlg036.perseus-grc2,tlg0284/tlg036/tlg0284.tlg036.perseus-grc2.xml,jebb_page
canonical-greekLit,urn:cts:greekLit:tlg0284.tlg037.perseus-grc2,tlg0284/tlg037/tlg0284.tlg037.perseus-grc2.xml,jebb_page
canonical-greekLit,urn:cts:greekLit:tlg0284.tlg038.perseus-grc2,tlg0284/tlg038/tlg0284.tlg038.perseus-grc2.xml,jebb_page
canonical-greekLit,urn:cts:greekLit:tlg0284.tlg039.perseus-grc2,tlg0284/tlg039/tlg0284.tlg039.perseus-grc2.xml,jebb_page
canonical-greekLit,urn:cts:greekLit:tlg0284.tlg040.perseus-grc2,tlg0284/tlg040/tlg0284.tlg040.perseus-grc2.xml,jebb_page
canonical-greekLit,urn:cts:greekLit:tlg0284.tlg041.perseus-grc2,tlg0284/tlg041/tlg0284.tlg041.perseus-grc2.xml,jebb_page
canonical-greekLit,urn:cts:greekLit:tlg0284.tlg042.perseus-grc2,tlg0284/tlg042/tlg0284.tlg042.perseus-grc2.xml,jebb_page+l
canonical-greekLit,urn:cts:greekLit:tlg0284.tlg043.perseus-grc2,tlg0284/tlg043/tlg0284.tlg043.perseus-grc2.xml,jebb_page
canonical-greekLit,urn:cts:greekLit:tlg0284.tlg044.perseus-grc2,tlg0284/tlg044/tlg0284.tlg044.perseus-grc2.xml,jebb_page+l
canonical-greekLit,urn:cts:greekLit:tlg0284.tlg045.perseus-grc2,tlg0284/tlg045/tlg0284.tlg045.perseus-grc2.xml,jebb_page+l
canonical-greekLit,urn:cts:greekLit:tlg0284.tlg046.perseus-grc2,tlg0284/tlg046/tlg0284.tlg046.perseus-grc2.xml,jebb_page+l
canonical-greekLit,urn:cts:greekLit:tlg0284.tlg047.perseus-grc2,tlg0284/tlg047/tlg0284.tlg047.perseus-grc2.xml,jebb_page
canonical-greekLit,urn:cts:greekLit:tlg0284.tlg048.perseus-grc2,tlg0284/tlg048/tlg0284.tlg048.perseus-grc2.xml,jebb_page+l
canonical-greekLit,urn:cts:greekLit:tlg0284.tlg049.perseus-grc2,tlg0284/tlg049/tlg0284.tlg049.perseus-grc2.xml,jebb_page+l
canonical-greekLit,urn:cts:greekLit:tlg0284.tlg050.perseus-grc2,tlg0284/tlg050/tlg0284.tlg050.perseus-grc2.xml,jebb_page+l
canonical-greekLit,urn:cts:greekLit:tlg0284.tlg051.perseus-grc2,tlg0284/tlg051/tlg0284.tlg051.perseus-grc2.xml,jebb_page
canonical-greekLit,urn:cts:greekLit:tlg0284.tlg052.perseus-grc2,tlg0284/tlg052/tlg0284.tlg052.perseus-grc2.xml,jebb_page
canonical-greekLit,urn:cts:greekLit:tlg0284.tlg053.perseus-grc2,tlg0284/tlg053/tlg0284.tlg053.perseus-grc2.xml,jebb_page
canonical-greekLit,urn:cts:greekLit:tlg0284.tlg054.perseus-grc2,tlg0284/tlg054/tlg0284.tlg054.perseus-grc2.xml,jebb_page
canonical-greekLit,urn:cts:greekLit:tlg0532.tlg001.perseus-grc2,tlg0532/tlg001/tlg0532.tlg001.perseus-grc2.xml,book+chapter+section
canonical-greekLit,urn:cts:greekLit:tlg0545.tlg002.perseus-grc2,tlg0545/tlg002/tlg0545.tlg002.perseus-grc2.xml,book+chapter+l
canonical-greekLit,urn:cts:greekLit:tlg0545.tlg003.perseus-grc2,tlg0545/tlg003/tlg0545.tlg003.perseus-grc2.xml,letter
canonical-greekLit,urn:cts:greekLit:tlg0551.tlg002.perseus-eng2,tlg0551/tlg002/tlg0551.tlg002.perseus-eng2.xml,fragment
canonical-greekLit,urn:cts:greekLit:tlg0551.tlg002.perseus-grc2,tlg0551/tlg002/tlg0551.tlg002.perseus-grc2.xml,fragment
canonical-greekLit,urn:cts:greekLit:tlg0551.tlg003.perseus-eng2,tlg0551/tlg003/tlg0551.tlg003.perseus-eng2.xml,fragment
canonical-greekLit,urn:cts:greekLit:tlg0551.tlg003.perseus-grc2,tlg0551/tlg003/tlg0551.tlg003.perseus-grc2.xml,fragment
canonical-greekLit,urn:cts:greekLit:tlg0551.tlg004.perseus-eng2,tlg0551/tlg004/tlg0551.tlg004.perseus-eng2.xml,fragment
canonical-greekLit,urn:cts:greekLit:tlg0551.tlg004.perseus-grc2,tlg0551/tlg004/tlg0551.tlg004.perseus-grc2.xml,fragment
canonical-greekLit,urn:cts:greekLit:tlg0551.tlg005.perseus-eng2,tlg0551/tlg005/tlg0551.tlg005.perseus-eng2.xml,fragment
canonical-greekLit,urn:cts:greekLit:tlg0551.tlg005.perseus-grc2,tlg0551/tlg005/tlg0551.tlg005.perseus-grc2.xml,fragment
canonical-greekLit,urn:cts:greekLit:tlg0551.tlg006.perseus-eng2,tlg0551/tlg006/tlg0551.tlg006.perseus-eng2.xml,fragment
canonical-greekLit,urn:cts:greekLit:tlg0551.tlg006.perseus-grc2,tlg0551/tlg006/tlg0551.tlg006.perseus-grc2.xml,fragment
canonical-greekLit,urn:cts:greekLit:tlg0551.tlg010.perseus-eng2,tlg0551/tlg010/tlg0551.tlg010.perseus-eng2.xml,fragment
canonical-greekLit,urn:cts:greekLit:tlg0551.tlg010.perseus-grc2,tlg0551/tlg010/tlg0551.tlg010.perseus-grc2.xml,fragment
canonical-greekLit,urn:cts:greekLit:tlg0551.tlg011.perseus-eng2,tlg0551/tlg011/tlg0551.tlg011.perseus-eng2.xml,fragment
canonical-greekLit,urn:cts:greekLit:tlg0551.tlg011.perseus-grc2,tlg0551/tlg011/tlg0551.tlg011.perseus-grc2.xml,fragment
canonical-greekLit,urn:cts:greekLit:tlg0557.tlg003.perseus-grc2,tlg0557/tlg003/tlg0557.tlg003.perseus-grc2.xml,fragment
canonical-greekLit,urn:cts:greekLit:tlg0557.tlg003a.perseus-eng3,tlg0557/tlg003a/tlg0557.tlg003a.perseus-eng3.xml,book+sentence+l
canonical-greekLit,urn:cts:greekLit:tlg0557.tlg004.perseus-grc2,tlg0557/tlg004/tlg0557.tlg004.perseus-grc2.xml,sentence
canonical-greekLit,urn:cts:greekLit:tlg0557.tlg005.perseus-grc2,tlg0557/tlg005/tlg0557.tlg005.perseus-grc2.xml,sentence
canonical-greekLit,urn:cts:greekLit:tlg0627.tlg013.perseus-eng4,tlg0627/tlg013/tlg0627.tlg013.perseus-eng4.xml,oath
canonical-greekLit,urn:cts:greekLit:tlg0627.tlg013.perseus-eng5,tlg0627/tlg013/tlg0627.tlg013.perseus-eng5.xml,oath
canonical-greekLit,urn:cts:greekLit:tlg0627.tlg013.perseus-grc2,tlg0627/tlg013/tlg0627.tlg013.perseus-grc2.xml,oath
canonical-greekLit,urn:cts:greekLit:tlg0638.tlg004.perseus-grc2,tlg0638/tlg004/tlg0638.tlg004.perseus-grc2.xml,page
canonical-greekLit,urn:cts:greekLit:tlg0638.tlg005.perseus-grc2,tlg0638/tlg005/tlg0638.tlg005.perseus-grc2.xml,work
canonical-greekLit,urn:cts:greekLit:tlg1389.tlg001.perseus-grc2,tlg1389/tlg001/tlg1389.tlg001.perseus-grc2.xml,entry+letter
canonical-greekLit,urn:cts:greekLit:tlg1799.tlg001.perseus-eng2,tlg1799/tlg001/tlg1799.tlg001.perseus-eng2.xml,book+number+type
canonical-greekLit,urn:cts:greekLit:tlg1799.tlg001.perseus-grc2,tlg1799/tlg001/tlg1799.tlg001.perseus-grc2.xml,book+number+type
canonical-greekLit,urn:cts:greekLit:tlg2003.tlg008.perseus-grc2,tlg2003/tlg008/tlg2003.tlg008.perseus-grc2.xml,section
canonical-greekLit,urn:cts:greekLit:tlg2003.tlg011.perseus-grc2,tlg2003/tlg011/tlg2003.tlg011.perseus-grc2.xml,section
canonical-greekLit,urn:cts:greekLit:tlg2003.tlg013.perseus-grc2,tlg2003/tlg013/tlg2003.tlg013.perseus-grc2.xml,letter+paragraph
canonical-greekLit,urn:cts:greekLit:tlg2040.tlg004.perseus-grc2,tlg2040/tlg004/tlg2040.tlg004.perseus-grc2.xml,letter
canonical-greekLit,urn:cts:greekLit:tlg4036.tlg023.cypria-grc1,tlg4036/tlg023/tlg4036.tlg023.cypria-grc1.xml,work
First1KGreek,heb0001.heb010.1st1K-eng1,heb0001/heb010/heb0001.heb010.1st1K-eng1.xml,chapter+verse
First1KGreek,ogl0001.ogl001.1st1K-grc1,ogl0001/ogl001/ogl0001.ogl001.1st1K-grc1.xml,fragment
First1KGreek,tlg0007.tlg147.1st1K-grc1,tlg0007/tlg147/tlg0007.tlg147.1st1K-grc1.xml,line
First1KGreek,tlg0037.tlg001.1st1K-grc1,tlg0037/tlg001/tlg0037.tlg001.1st1K-grc1.xml,epistle
First1KGreek,tlg0044.tlg001.1st1K-grc1,tlg0044/tlg001/tlg0044.tlg001.1st1K-grc1.xml,epistle
First1KGreek,tlg0045.tlg001.1st1K-grc1,tlg0045/tlg001/tlg0045.tlg001.1st1K-grc1.xml,epistle
First1KGreek,tlg0046.tlg001.1st1K-grc1,tlg0046/tlg001/tlg0046.tlg001.1st1K-grc1.xml,epistle
First1KGreek,tlg0055.tlg001.1st1K-grc1,tlg0055/tlg001/tlg0055.tlg001.1st1K-grc1.xml,epistle
First1KGreek,tlg0057.tlg025.1st1K-grc1,tlg0057/tlg025/tlg0057.tlg025.1st1K-grc1.xml,work
First1KGreek,tlg0057.tlg035.1st1K-grc2,tlg0057/tlg035/tlg0057.tlg035.1st1K-grc2.xml,work
First1KGreek,tlg0057.tlg040.1st1K-grc1,tlg0057/tlg040/tlg0057.tlg040.1st1K-grc1.xml,book
First1KGreek,tlg0057.tlg084.1st1K-grc1,tlg0057/tlg084/tlg0057.tlg084.1st1K-grc1.xml,work
First1KGreek,tlg0057.tlg107.1st1K-grc1,tlg0057/tlg107/tlg0057.tlg107.1st1K-grc1.xml,work
First1KGreek,tlg0057.tlg114.1st1K-grc1,tlg0057/tlg114/tlg0057.tlg114.1st1K-grc1.xml,work
First1KGreek,tlg0059.tlg037.1st1K-grc1,tlg0059/tlg037/tlg0059.tlg037.1st1K-grc1.xml,work
First1KGreek,tlg0066.tlg001.1st1K-grc1,tlg0066/tlg001/tlg0066.tlg001.1st1K-grc1.xml,fragment+paragraph+l
First1KGreek,tlg0082.tlg001.1st1K-grc1,tlg0082/tlg001/tlg0082.tlg001.1st1K-grc1.xml,paragraph+l
First1KGreek,tlg0082.tlg002.1st1K-grc1,tlg0082/tlg002/tlg0082.tlg002.1st1K-grc1.xml,paragraph+l
First1KGreek,tlg0083.tlg003.1st1K-grc1,tlg0083/tlg003/tlg0083.tlg003.1st1K-grc1.xml,fragment
First1KGreek,tlg0086.tlg003.1st1K-grc1,tlg0086/tlg003/tlg0086.tlg003.1st1K-grc1.xml,paragraph+l
First1KGreek,tlg0086.tlg011.1st1K-grc1,tlg0086/tlg011/tlg0086.tlg011.1st1K-grc1.xml,epistle
First1KGreek,tlg0087.tlg001.1st1K-grc1,tlg0087/tlg001/tlg0087.tlg001.1st1K-grc1.xml,book+l
First1KGreek,tlg0087.tlg004.1st1K-grc1,tlg0087/tlg004/tlg0087.tlg004.1st1K-grc1.xml,paragraph+l
First1KGreek,tlg0087.tlg005.1st1K-grc1,tlg0087/tlg005/tlg0087.tlg005.1st1K-grc1.xml,book
First1KGreek,tlg0087.tlg006.1st1K-grc1,tlg0087/tlg006/tlg0087.tlg006.1st1K-grc1.xml,book
First1KGreek,tlg0087.tlg007.1st1K-grc1,tlg0087/tlg007/tlg0087.tlg007.1st1K-grc1.xml,book+paragraph
First1KGreek,tlg0087.tlg008.1st1K-grc1,tlg0087/tlg008/tlg0087.tlg008.1st1K-grc1.xml,book+paragraph
First1KGreek,tlg0087.tlg009.1st1K-grc1,tlg0087/tlg009/tlg0087.tlg009.1st1K-grc1.xml,paragraph+l
First1KGreek,tlg0087.tlg014.1st1K-grc1,tlg0087/tlg014/tlg0087.tlg014.1st1K-grc1.xml,book
First1KGreek,tlg0087.tlg033.1st1K-grc1,tlg0087/tlg033/tlg0087.tlg033.1st1K-grc1.xml,book+paragraph+l
First1KGreek,tlg0087.tlg035.1st1K-grc1,tlg0087/tlg035/tlg0087.tlg035.1st1K-grc1.xml,page+part+l
First1KGreek,tlg0096.tlg002.opp-grc3,tlg0096/tlg002/tlg0096.tlg002.opp-grc3.xml,fable+section
First1KGreek,tlg0233.tlg001.1st1K-grc1,tlg0233/tlg001/tlg0233.tlg001.1st1K-grc1.xml,section
First1KGreek,tlg0319.tlg004.1st1K-grc1,tlg0319/tlg004/tlg0319.tlg004.1st1K-grc1.xml,fragment
First1KGreek,tlg0358.tlg004.1st1K-grc1,tlg0358/tlg004/tlg0358.tlg004.1st1K-grc1.xml,fragment
First1KGreek,tlg0362.tlg001.1st1K-grc1,tlg0362/tlg001/tlg0362.tlg001.1st1K-grc1.xml,section
First1KGreek,tlg0363.tlg011.1st1K-grc1,tlg0363/tlg011/tlg0363.tlg011.1st1K-grc1.xml,paragraph+l
First1KGreek,tlg0521.tlg008.1st1K-grc1,tlg0521/tlg008/tlg0521.tlg008.1st1K-grc1.xml,fragment
First1KGreek,tlg0527.tlg037.1st1K-grc1,tlg0527/tlg037/tlg0527.tlg037.1st1K-grc1.xml,chapter+verse
First1KGreek,tlg0527.tlg048.1st1K-eng1,tlg0527/tlg048/tlg0527.tlg048.1st1K-eng1.xml,chapter+heading+verse
First1KGreek,tlg0527.tlg048.1st1K-grc2,tlg0527/tlg048/tlg0527.tlg048.1st1K-grc2.xml,chapter+verse
First1KGreek,tlg0527.tlg048.1st1K-mul1,tlg0527/tlg048/tlg0527.tlg048.1st1K-mul1.xml,commentary+paragraph
First1KGreek,tlg0527.tlg048.1st1K-mul2,tlg0527/tlg048/tlg0527.tlg048.1st1K-mul2.xml,commentary+paragraph
First1KGreek,tlg0527.tlg052.1st1K-grc1,tlg0527/tlg052/tlg0527.tlg052.1st1K-grc1.xml,verse
First1KGreek,tlg0530.tlg032.1st1K-grc1,tlg0530/tlg032/tlg0530.tlg032.1st1K-grc1.xml,work
First1KGreek,tlg0533.tlg007.1st1K-grc1,tlg0533/tlg007/tlg0533.tlg007.1st1K-grc1.xml,poem+section
First1KGreek,tlg0533.tlg009.1st1K-grc1,tlg0533/tlg009/tlg0533.tlg009.1st1K-grc1.xml,poem+section
First1KGreek,tlg0541.tlg042.1st1K-grc2,tlg0541/tlg042/tlg0541.tlg042.1st1K-grc2.xml,sentence
First1KGreek,tlg0541.tlg042.1st1K-grc3,tlg0541/tlg042/tlg0541.tlg042.1st1K-grc3.xml,sentence
First1KGreek,tlg0545.tlg004.1st1K-grc1,tlg0545/tlg004/tlg0545.tlg004.1st1K-grc1.xml,fragment
First1KGreek,tlg0575.tlg001.1st1K-grc1,tlg0575/tlg001/tlg0575.tlg001.1st1K-grc1.xml,sentence
First1KGreek,tlg0575.tlg002.1st1K-grc1,tlg0575/tlg002/tlg0575.tlg002.1st1K-grc1.xml,sentence
First1KGreek,tlg0579.tlg010.1st1K-grc1,tlg0579/tlg010/tlg0579.tlg010.1st1K-grc1.xml,fragment
First1KGreek,tlg0591.1st1K001.1st1K-grc1,tlg0591/1st1K001/tlg0591.1st1K001.1st1K-grc1.xml,(none)
First1KGreek,tlg0591.1st1K002.1st1K-grc1,tlg0591/1st1K002/tlg0591.1st1K002.1st1K-grc1.xml,(none)
First1KGreek,tlg0614.tlg001.1st1K-grc1,tlg0614/tlg001/tlg0614.tlg001.1st1K-grc1.xml,book+chapter+section
First1KGreek,tlg0620.tlg002.1st1K-grc1,tlg0620/tlg002/tlg0620.tlg002.1st1K-grc1.xml,fragment
First1KGreek,tlg0626.tlg002.1st1K-grc1,tlg0626/tlg002/tlg0626.tlg002.1st1K-grc1.xml,fragment
First1KGreek,tlg0627.tlg012.1st1K-grc1,tlg0627/tlg012/tlg0627.tlg012.1st1K-grc1.xml,aphorism+book
First1KGreek,tlg0627.tlg040.1st1K-grc1,tlg0627/tlg040/tlg0627.tlg040.1st1K-grc1.xml,work
First1KGreek,tlg0628.tlg002.1st1K-grc1,tlg0628/tlg002/tlg0628.tlg002.1st1K-grc1.xml,fragment
First1KGreek,tlg0629.tlg001.1st1K-grc1,tlg0629/tlg001/tlg0629.tlg001.1st1K-grc1.xml,epistle
First1KGreek,tlg0632.tlg002.1st1K-grc1,tlg0632/tlg002/tlg0632.tlg002.1st1K-grc1.xml,epistle
First1KGreek,tlg0634.tlg001.1st1K-grc1,tlg0634/tlg001/tlg0634.tlg001.1st1K-grc1.xml,fragment
First1KGreek,tlg0643.opp001.1st1K-lat1,tlg0643/opp001/tlg0643.opp001.1st1K-lat1.xml,commentary+paragraph+l
First1KGreek,tlg0643.opp002.1st1K-lat1,tlg0643/opp002/tlg0643.opp002.1st1K-lat1.xml,commentary+paragraph
First1KGreek,tlg0643.tlg001.1st1K-grc2,tlg0643/tlg001/tlg0643.tlg001.1st1K-grc2.xml,commentary+sigla
First1KGreek,tlg0643.tlg001.1st1K-lat1,tlg0643/tlg001/tlg0643.tlg001.1st1K-lat1.xml,commentary+paragraph
First1KGreek,tlg0643.tlg001.1st1K-mul1,tlg0643/tlg001/tlg0643.tlg001.1st1K-mul1.xml,commentary+paragraph
First1KGreek,tlg0643.tlg001.1st1K-mul2,tlg0643/tlg001/tlg0643.tlg001.1st1K-mul2.xml,commentary+index+paragraph
First1KGreek,tlg0732.tlg005.1st1K-grc1,tlg0732/tlg005/tlg0732.tlg005.1st1K-grc1.xml,page
First1KGreek,tlg0732.tlg010.1st1K-grc1,tlg0732/tlg010/tlg0732.tlg010.1st1K-grc1.xml,paragraph+work
First1KGreek,tlg0732.tlg012.1st1K-grc2,tlg0732/tlg012/tlg0732.tlg012.1st1K-grc2.xml,essay+quaestio
First1KGreek,tlg0732.tlgX01.1st1K-grc1,tlg0732/tlgX01/tlg0732.tlgX01.1st1K-grc1.xml,page+l
First1KGreek,tlg1146.tlg001.1st1K-grc1,tlg1146/tlg001/tlg1146.tlg001.1st1K-grc1.xml,fragment
First1KGreek,tlg1147.tlg003.1st1K-grc1,tlg1147/tlg003/tlg1147.tlg003.1st1K-grc1.xml,fragment
First1KGreek,tlg1188.tlg002.1st1K-grc1,tlg1188/tlg002/tlg1188.tlg002.1st1K-grc1.xml,fragment
First1KGreek,tlg1193.tlg001.1st1K-grc1,tlg1193/tlg001/tlg1193.tlg001.1st1K-grc1.xml,fragment
First1KGreek,tlg1194.tlg001.1st1K-grc1,tlg1194/tlg001/tlg1194.tlg001.1st1K-grc1.xml,book+line
First1KGreek,tlg1264.tlg001.1st1K-grc1,tlg1264/tlg001/tlg1264.tlg001.1st1K-grc1.xml,apparatus+commentary+fragment
First1KGreek,tlg1264.tlg002.1st1K-grc1,tlg1264/tlg002/tlg1264.tlg002.1st1K-grc1.xml,fragment
First1KGreek,tlg1264.tlg003.1st1K-grc1,tlg1264/tlg003/tlg1264.tlg003.1st1K-grc1.xml,fragment
First1KGreek,tlg1264.tlg004.1st1K-grc1,tlg1264/tlg004/tlg1264.tlg004.1st1K-grc1.xml,fragment
First1KGreek,tlg1269.tlg002.1st1K-grc1,tlg1269/tlg002/tlg1269.tlg002.1st1K-grc1.xml,fragment
First1KGreek,tlg1287.tlg001.1st1K-grc1,tlg1287/tlg001/tlg1287.tlg001.1st1K-grc1.xml,fragment
First1KGreek,tlg1304.tlg002.1st1K-grc1,tlg1304/tlg002/tlg1304.tlg002.1st1K-grc1.xml,fragment
First1KGreek,tlg1319.tlg002.1st1K-grc1,tlg1319/tlg002/tlg1319.tlg002.1st1K-grc1.xml,fragment
First1KGreek,tlg1320.tlg001.1st1K-grc1,tlg1320/tlg001/tlg1320.tlg001.1st1K-grc1.xml,fragment
First1KGreek,tlg1329.tlg001.1st1K-grc1,tlg1329/tlg001/tlg1329.tlg001.1st1K-grc1.xml,fragment
First1KGreek,tlg1347.tlg004.1st1K-grc1,tlg1347/tlg004/tlg1347.tlg004.1st1K-grc1.xml,fragment
First1KGreek,tlg1390.tlg004.1st1K-grc1,tlg1390/tlg004/tlg1390.tlg004.1st1K-grc1.xml,fragment
First1KGreek,tlg1402.tlg005.1st1K-grc1,tlg1402/tlg005/tlg1402.tlg005.1st1K-grc1.xml,fragment
First1KGreek,tlg1416.tlg007.1st1K-grc1,tlg1416/tlg007/tlg1416.tlg007.1st1K-grc1.xml,entry+letter
First1KGreek,tlg1434.tlg004.1st1K-grc1,tlg1434/tlg004/tlg1434.tlg004.1st1K-grc1.xml,fragment
First1KGreek,tlg1463.tlg001.1st1K-grc1,tlg1463/tlg001/tlg1463.tlg001.1st1K-grc1.xml,chapter+verse
First1KGreek,tlg1463.tlg001.1st1K-grc2,tlg1463/tlg001/tlg1463.tlg001.1st1K-grc2.xml,chapter+section
First1KGreek,tlg1463.tlg001.1st1K-lat1,tlg1463/tlg001/tlg1463.tlg001.1st1K-lat1.xml,chapter+verse
First1KGreek,tlg1487.tlg001.1st1K-grc1,tlg1487/tlg001/tlg1487.tlg001.1st1K-grc1.xml,chapter
First1KGreek,tlg1487.tlg002.1st1K-grc1,tlg1487/tlg002/tlg1487.tlg002.1st1K-grc1.xml,chapter
First1KGreek,tlg1542.tlg001.1st1K-grc1,tlg1542/tlg001/tlg1542.tlg001.1st1K-grc1.xml,fragment
First1KGreek,tlg1548.tlg001.1st1K-grc1,tlg1548/tlg001/tlg1548.tlg001.1st1K-grc1.xml,fragment
First1KGreek,tlg1551.tlg002.1st1K-grc1,tlg1551/tlg002/tlg1551.tlg002.1st1K-grc1.xml,fragment
First1KGreek,tlg1562.tlg002.1st1K-grc1,tlg1562/tlg002/tlg1562.tlg002.1st1K-grc1.xml,fragment
First1KGreek,tlg1595.tlg370.1st1K-grc1,tlg1595/tlg370/tlg1595.tlg370.1st1K-grc1.xml,book+fragment
First1KGreek,tlg1596.tlg002.1st1K-grc1,tlg1596/tlg002/tlg1596.tlg002.1st1K-grc1.xml,fragment
First1KGreek,tlg1602.tlg001.1st1K-grc1,tlg1602/tlg001/tlg1602.tlg001.1st1K-grc1.xml,fragment
First1KGreek,tlg1634.tlg002.1st1K-grc1,tlg1634/tlg002/tlg1634.tlg002.1st1K-grc1.xml,fragment
First1KGreek,tlg1664.tlg001.1st1K-grc1,tlg1664/tlg001/tlg1664.tlg001.1st1K-grc1.xml,fragment
First1KGreek,tlg1665.tlg001.1st1K-grc1,tlg1665/tlg001/tlg1665.tlg001.1st1K-grc1.xml,fragment+l
First1KGreek,tlg1669.tlg004.1st1K-grc1,tlg1669/tlg004/tlg1669.tlg004.1st1K-grc1.xml,fragment+page
First1KGreek,tlg1681.tlg001.1st1K-grc1,tlg1681/tlg001/tlg1681.tlg001.1st1K-grc1.xml,epistle
First1KGreek,tlg1692.tlg005.1st1K-grc1,tlg1692/tlg005/tlg1692.tlg005.1st1K-grc1.xml,fragment
First1KGreek,tlg1705.tlg001.1st1K-grc1,tlg1705/tlg001/tlg1705.tlg001.1st1K-grc1.xml,epistle
First1KGreek,tlg1724.tlg001.1st1K-grc1,tlg1724/tlg001/tlg1724.tlg001.1st1K-grc1.xml,paragraph+l
First1KGreek,tlg1765.tlg004.1st1K-grc1,tlg1765/tlg004/tlg1765.tlg004.1st1K-grc1.xml,book
First1KGreek,tlg1799.tlg012.1st1K-grc1,tlg1799/tlg012/tlg1799.tlg012.1st1K-grc1.xml,chapter
First1KGreek,tlg1799.tlg013.1st1K-grc1,tlg1799/tlg013/tlg1799.tlg013.1st1K-grc1.xml,work
First1KGreek,tlg1799.tlg017.1st1K-grc1,tlg1799/tlg017/tlg1799.tlg017.1st1K-grc1.xml,work
First1KGreek,tlg1803.tlg001.1st1K-grc1,tlg1803/tlg001/tlg1803.tlg001.1st1K-grc1.xml,epistle
First1KGreek,tlg2018.tlg008.1st1K-grc1,tlg2018/tlg008/tlg2018.tlg008.1st1K-grc1.xml,letter
First1KGreek,tlg2018.tlg010.1st1K-grc1,tlg2018/tlg010/tlg2018.tlg010.1st1K-grc1.xml,fragment
First1KGreek,tlg2022.tlg060.1st1K-grc1,tlg2022/tlg060/tlg2022.tlg060.1st1K-grc1.xml,sentence
First1KGreek,tlg2023.tlg004.1st1K-grc1,tlg2023/tlg004/tlg2023.tlg004.1st1K-grc1.xml,page
First1KGreek,tlg2041.tlg001.1st1K-grc1,tlg2041/tlg001/tlg2041.tlg001.1st1K-grc1.xml,fragment
First1KGreek,tlg2042.tlg006.1st1K-grc1,tlg2042/tlg006/tlg2042.tlg006.1st1K-grc1.xml,fragment
First1KGreek,tlg2042.tlg010.opp-grc1,tlg2042/tlg010/tlg2042.tlg010.opp-grc1.xml,fragment+l
First1KGreek,tlg2042.tlg011.opp-grc1,tlg2042/tlg011/tlg2042.tlg011.opp-grc1.xml,fragment
First1KGreek,tlg2042.tlg012.opp-grc1,tlg2042/tlg012/tlg2042.tlg012.opp-grc1.xml,fragment
First1KGreek,tlg2042.tlg014.opp-grc1,tlg2042/tlg014/tlg2042.tlg014.opp-grc1.xml,fragment
First1KGreek,tlg2042.tlg015.opp-grc1,tlg2042/tlg015/tlg2042.tlg015.opp-grc1.xml,fragment
First1KGreek,tlg2042.tlg016.opp-grc1,tlg2042/tlg016/tlg2042.tlg016.opp-grc1.xml,homilia
First1KGreek,tlg2042.tlg044.1st1K-grc1,tlg2042/tlg044/tlg2042.tlg044.1st1K-grc1.xml,psalm+verse
First1KGreek,tlg2042.tlg045.1st1K-grc1,tlg2042/tlg045/tlg2042.tlg045.1st1K-grc1.xml,epistle+paragraph
First1KGreek,tlg2136.tlg001.1st1K-grc1,tlg2136/tlg001/tlg2136.tlg001.1st1K-grc1.xml,fragment+l
First1KGreek,tlg2138.tlg001.1st1K-grc1,tlg2138/tlg001/tlg2138.tlg001.1st1K-grc1.xml,section
First1KGreek,tlg2139.tlg001.1st1K-grc1,tlg2139/tlg001/tlg2139.tlg001.1st1K-grc1.xml,section
First1KGreek,tlg2140.tlg001.1st1K-grc1,tlg2140/tlg001/tlg2140.tlg001.1st1K-grc1.xml,fragment
First1KGreek,tlg2640.tlg001.1st1K-grc1,tlg2640/tlg001/tlg2640.tlg001.1st1K-grc1.xml,fragment
First1KGreek,tlg2691.tlg002.1st1K-grc1,tlg2691/tlg002/tlg2691.tlg002.1st1K-grc1.xml,fragment
First1KGreek,tlg2959.tlg007.opp-grc1,tlg2959/tlg007/tlg2959.tlg007.opp-grc1.xml,fragment
First1KGreek,tlg2959.tlg008.opp-grc1,tlg2959/tlg008/tlg2959.tlg008.opp-grc1.xml,fragment
First1KGreek,tlg2959.tlg010.opp-grc1,tlg2959/tlg010/tlg2959.tlg010.opp-grc1.xml,fragment
First1KGreek,tlg2970.tlg001.1st1K-grc1,tlg2970/tlg001/tlg2970.tlg001.1st1K-grc1.xml,fragment
First1KGreek,tlg2972.tlg001.1st1K-grc1,tlg2972/tlg001/tlg2972.tlg001.1st1K-grc1.xml,sentence
First1KGreek,tlg3118.tlg001.1st1K-grc1,tlg3118/tlg001/tlg3118.tlg001.1st1K-grc1.xml,book+paragraph
First1KGreek,tlg3129.ogl001.1st1K-grc1,tlg3129/ogl001/tlg3129.ogl001.1st1K-grc1.xml,commentary+paragraph
First1KGreek,tlg4016.tlg005.1st1K-grc1,tlg4016/tlg005/tlg4016.tlg005.1st1K-grc1.xml,folio+l
First1KGreek,tlg4024.tlg002.1st1K-grc2,tlg4024/tlg002/tlg4024.tlg002.1st1K-grc2.xml,section
First1KGreek,tlg4026.tlg002.1st1K-grc1,tlg4026/tlg002/tlg4026.tlg002.1st1K-grc1.xml,apparatus+commentary+fragment
First1KGreek,tlg4026.tlg003.1st1K-grc1,tlg4026/tlg003/tlg4026.tlg003.1st1K-grc1.xml,fragment
First1KGreek,tlg4075.tlg002.1st1K-grc1,tlg4075/tlg002/tlg4075.tlg002.1st1K-grc1.xml,work
First1KGreek,tlg4090.tlg001.1st1K-grc1,tlg4090/tlg001/tlg4090.tlg001.1st1K-grc1.xml,book+commentary+paragraph+l
First1KGreek,tlg4170.tlg001d.1st1K-grc1,tlg4170/tlg001d/tlg4170.tlg001d.1st1K-grc1.xml,chapter
First1KGreek,tlg5022.tlg007.1st1K-grc1,tlg5022/tlg007/tlg5022.tlg007.1st1K-grc1.xml,work
First1KGreek,tlg5023.tlg001.1st1K-grc1,tlg5023/tlg001/tlg5023.tlg001.1st1K-grc1.xml,line+part+work+l
First1KGreek,tlg5034.tlg001a.perseus-grc1,tlg5034/tlg001a/tlg5034.tlg001a.perseus-grc1.xml,line+part+poem+l
First1KGreek,tlg5034.tlg001b.perseus-grc1,tlg5034/tlg001b/tlg5034.tlg001b.perseus-grc1.xml,line+poem
First1KGreek,tlg5034.tlg001c.perseus-grc1,tlg5034/tlg001c/tlg5034.tlg001c.perseus-grc1.xml,line+poem
First1KGreek,tlg5034.tlg001d.perseus-grc1,tlg5034/tlg001d/tlg5034.tlg001d.perseus-grc1.xml,line+poem
csel-dev,stoa0114a.stoa001.opp-lat1,stoa0114a/stoa001/stoa0114a.stoa001.opp-lat1.xml,(none)
csel-dev,stoa0114a.stoa002.opp-lat1,stoa0114a/stoa002/stoa0114a.stoa002.opp-lat1.xml,(none)
csel-dev,stoa0114a.stoa005.opp-lat1,stoa0114a/stoa005/stoa0114a.stoa005.opp-lat1.xml,(none)
csel-dev,stoa0114a.stoa006.opp-lat2,stoa0114a/stoa006/stoa0114a.stoa006.opp-lat2.xml,(none)
csel-dev,stoa0114a.stoa008.opp-lat1,stoa0114a/stoa008/stoa0114a.stoa008.opp-lat1.xml,book+letter+l
csel-dev,stoa0114a.stoa011.opp-lat1,stoa0114a/stoa011/stoa0114a.stoa011.opp-lat1.xml,(none)
csel-dev,stoa0114a.stoa012.opp-lat1,stoa0114a/stoa012/stoa0114a.stoa012.opp-lat1.xml,(none)
csel-dev,stoa0114a.stoa013.opp-lat1,stoa0114a/stoa013/stoa0114a.stoa013.opp-lat1.xml,(none)
csel-dev,stoa0114a.stoa014.opp-lat1,stoa0114a/stoa014/stoa0114a.stoa014.opp-lat1.xml,(none)
csel-dev,stoa0114a.stoa015.opp-lat1,stoa0114a/stoa015/stoa0114a.stoa015.opp-lat1.xml,(none)
csel-dev,stoa0117p.stoa001.opp-lat1,stoa0117p/stoa001/stoa0117p.stoa001.opp-lat1.xml,(none)
csel-dev,stoa0119.stoa002.opp-lat1,stoa0119/stoa002/stoa0119.stoa002.opp-lat1.xml,(none)
csel-dev,stoa0149b.stoa006.opp-lat1,stoa0149b/stoa006/stoa0149b.stoa006.opp-lat1.xml,book
csel-dev,stoa0149c.stoa001.opp-lat1,stoa0149c/stoa001/stoa0149c.stoa001.opp-lat1.xml,(none)
csel-dev,stoa0241d.stoa002.opp-lat1,stoa0241d/stoa002/stoa0241d.stoa002.opp-lat1.xml,book
csel-dev,stoa0244d.stoa005.opp-lat1,stoa0244d/stoa005/stoa0244d.stoa005.opp-lat1.xml,book+mss
csel-dev,stoa0245a.stoa001.opp-lat1,stoa0245a/stoa001/stoa0245a.stoa001.opp-lat1.xml,book+letter+l
csel-dev,stoa0245c.stoa001.opp-lat1,stoa0245c/stoa001/stoa0245c.stoa001.opp-lat1.xml,l
csel-dev,stoa0249a.stoa003.opp-lat1,stoa0249a/stoa003/stoa0249a.stoa003.opp-lat1.xml,(none)
csel-dev,stoa0251.stoa001.opp-lat1,stoa0251/stoa001/stoa0251.stoa001.opp-lat1.xml,(none)
csel-dev,stoa0252.stoa001.opp-lat1,stoa0252/stoa001/stoa0252.stoa001.opp-lat1.xml,(none)
csel-dev,stoa0252.stoa006.opp-lat1,stoa0252/stoa006/stoa0252.stoa006.opp-lat1.xml,(none)
csel-dev,stoa0252.stoa006.opp-lat2,stoa0252/stoa006/stoa0252.stoa006.opp-lat2.xml,(none)
csel-dev,stoa0252.stoa007.opp-lat1,stoa0252/stoa007/stoa0252.stoa007.opp-lat1.xml,(none)
csel-dev,stoa0252.stoa008.opp-lat1,stoa0252/stoa008/stoa0252.stoa008.opp-lat1.xml,book+section
csel-dev,stoa0329c.stoa001.opp-lat1,stoa0329c/stoa001/stoa0329c.stoa001.opp-lat1.xml,(none)
