element,attribute,genre,value,count
div,type,prose-philosophy,textpart,198867
div,subtype,prose-philosophy,section,118254
note,type,prose-philosophy,marginal,78690
note,type,prose-philosophy,footnote,67578
div,type,prose-historiography,textpart,35510
p,rend,prose-philosophy,indent,29714
ref,lang,prose-philosophy,lat,24255
div,subtype,prose-philosophy,chapter,19553
note,type,prose-historiography,marginal,17671
div,subtype,prose-philosophy,part,16199
div,subtype,prose-historiography,verse,16168
div,type,verse-didactic,textpart,15861
div,subtype,prose-philosophy,paragraph,13831
div,subtype,prose-historiography,section,13251
div,subtype,prose-philosophy,line,12584
note,type,prose-oratory,footnote,10806
note,type,prose-historiography,footnote,9712
div,subtype,verse-didactic,verse,9239
div,type,prose-oratory,textpart,9083
div,type,prose-epistolary,textpart,7368
foreign,lang,attic-tragedy,grc,5664
div,subtype,prose-historiography,chapter,5609
div,subtype,prose-philosophy,fragment,5587
milestone,unit,prose-philosophy,ed2page,5304
hi,rend,prose-philosophy,superscript,5206
div,subtype,prose-oratory,section,4677
div,subtype,prose-philosophy,verse,4648
div,type,prose-biography,textpart,4394
bibl,lang,prose-philosophy,lat,4206
div,subtype,prose-oratory,chapter,4177
div,subtype,verse-didactic,paragraph,4061
note,lang,prose-philosophy,lat,4053
note,type,prose-oratory,marginal,3944
label,lang,prose-philosophy,lat,3719
p,rend,prose-philosophy,align(indent),3668
div,subtype,prose-epistolary,chapter,3568
div,type,verse-lyric-monodic,textpart,3537
div,subtype,prose-biography,section,3370
div,subtype,verse-lyric-monodic,verse,3340
div,type,prose-geography,textpart,3186
note,type,prose-philosophy,witness,3169
foreign,lang,prose-philosophy,lat,3126
note,type,prose-epistolary,footnote,2977
div,type,verse-epic,textpart,2900
note,place,attic-tragedy,unspecified,2855
note,type,verse-didactic,footnote,2842
milestone,unit,prose-philosophy,ed1page,2689
milestone,unit,prose-philosophy,altpage1,2607
note,lang,prose-philosophy,eng,2538
div,subtype,verse-epic,verse,2413
div,subtype,prose-epistolary,section,2399
milestone,unit,prose-historiography,pageseg,2353
div,subtype,prose-philosophy,sentence,2250
note,lang,prose-philosophy,mul,2132
div,subtype,prose-philosophy,subsection,1997
p,rend,prose-philosophy,merge,1953
div,subtype,prose-geography,section,1951
milestone,unit,prose-philosophy,altnumbering,1911
foreign,lang,verse-didactic,abbr,1789
milestone,unit,prose-philosophy,subsection,1739
milestone,unit,prose-philosophy,chapter,1715
milestone,unit,prose-philosophy,altref,1667
quote,type,prose-philosophy,lemma,1658
div,type,attic-tragedy,textpart,1614
p,rend,prose-biography,indent,1440
milestone,unit,prose-philosophy,fabrsection,1387
div,subtype,verse-didactic,section,1352
note,type,verse-didactic,marginal,1326
foreign,lang,prose-philosophy,grc,1324
milestone,unit,prose-philosophy,section,1323
title,lang,prose-philosophy,lat,1310
p,lang,prose-philosophy,lat,1290
milestone,unit,prose-historiography,mignepage,1234
div,subtype,prose-philosophy,page,1210
q,rend,prose-philosophy,single,1197
milestone,unit,prose-philosophy,lineno,1183
div,type,prose-dialogue,textpart,1174
note,type,prose-biography,footnote,1153
div,subtype,attic-tragedy,fragment,1094
milestone,unit,prose-philosophy,page,1026
milestone,unit,prose-historiography,pagep,1007
head,rend,prose-philosophy,center,1003
pb,ed,prose-philosophy,alt,991
div,subtype,prose-philosophy,book,981
div,type,verse-lyric-pindaric,textpart,917
div,subtype,prose-dialogue,section,911
div,subtype,verse-lyric-pindaric,line,898
foreign,lang,verse-epic,grc,897
div,subtype,prose-geography,paragraph,863
note,type,prose-epistolary,marginal,855
milestone,unit,prose-historiography,vignumbering,852
quote,type,prose-philosophy,blockquote,851
div,subtype,prose-epistolary,letter,845
quote,rend,prose-philosophy,script,827
note,type,prose-philosophy,translation,796
quote,rend,prose-philosophy,blockquote,781
div,subtype,prose-philosophy,comment,758
idno,type,prose-philosophy,filename,753
language,ident,prose-philosophy,grc,750
p,rend,prose-historiography,cont,745
teiHeader,lang,prose-philosophy,eng,735
p,rend,verse-didactic,align(indent),734
div,type,prose-philosophy,edition,723
foreign,lang,prose-philosophy,abbr,715
milestone,unit,prose-historiography,pagew,714
div,lang,prose-philosophy,grc,712
note,type,verse-epic,footnote,707
milestone,unit,prose-philosophy,altpage2,654
p,rend,prose-oratory,indent,652
p,rend,prose-epistolary,indent,647
pb,ed,prose-philosophy,org,623
note,type,verse-lyric-monodic,marginal,611
biblScope,unit,prose-philosophy,volume,597
div,subtype,prose-biography,chapter,588
milestone,ed,attic-tragedy,p,580
milestone,unit,attic-tragedy,card,580
language,ident,prose-philosophy,lat,575
milestone,unit,prose-philosophy,altpagecont,564
milestone,unit,prose-philosophy,fabrnumbering,532
author,lang,prose-philosophy,lat,527
div,subtype,verse-didactic,fabula,522
persName,role,prose-philosophy,principal,510
milestone,unit,prose-historiography,section,506
milestone,unit,prose-historiography,stephnumbering,496
bibl,lang,prose-philosophy,grc,493
note,type,prose-geography,marginal,493
note,type,prose-philosophy,margin,483
div,subtype,verse-didactic,chapter,482
note,rend,prose-philosophy,bold,481
milestone,unit,prose-oratory,altnumbering,477
milestone,unit,prose-philosophy,manuscriptpage,462
div,subtype,prose-epistolary,epistle,458
milestone,unit,prose-historiography,altref,455
l,rend,prose-philosophy,indent,448
milestone,unit,prose-philosophy,rnumbering,444
q,rend,prose-philosophy,double,442
head,rend,prose-epistolary,center,441
note,type,prose-dialogue,footnote,427
p,rend,prose-geography,indent,417
div,subtype,prose-philosophy,aphorism,413
label,type,prose-philosophy,alternate,397
milestone,unit,prose-philosophy,hnumbering,394
bibl,lang,prose-philosophy,mul,391
milestone,unit,prose-historiography,altedition,381
label,rend,prose-philosophy,center,356
div,subtype,prose-biography,verse,352
q,type,prose-philosophy,mentioned,347
milestone,unit,prose-philosophy,pagebreak,329
note,type,prose-geography,footnote,321
milestone,unit,prose-dialogue,altpage,302
note,type,attic-tragedy,footnote,296
title,lang,prose-oratory,lat,284
note,type,verse-lyric-monodic,footnote,279
list,rend,prose-philosophy,row,271
note,type,prose-biography,marginal,260
div,subtype,verse-epic,section,259
head,lang,prose-philosophy,lat,259
l,rend,prose-philosophy,center,248
lb,rend,prose-philosophy,indent,248
div,subtype,prose-historiography,paragraph,245
milestone,unit,attic-tragedy,altline,242
div,type,verse-epigram,textpart,237
milestone,unit,prose-oratory,mspage,234
div,subtype,prose-dialogue,chapter,231
label,lang,prose-philosophy,deu,231
p,rend,prose-philosophy,align,230
milestone,unit,prose-historiography,altpage,226
div,subtype,prose-historiography,book,219
div,subtype,verse-epic,chapter,211
note,lang,prose-biography,mul,210
note,place,prose-philosophy,inline,203
bibl,lang,prose-philosophy,eng,201
pb,ed,prose-philosophy,v,201
p,rend,prose-historiography,indent,200
p,rend,verse-didactic,merge,200
pb,ed,prose-philosophy,r,200
div,subtype,verse-lyric-monodic,chapter,197
milestone,unit,prose-philosophy,oldchapter,197
w,type,prose-biography,PREP,196
div,subtype,verse-epigram,section,194
q,rend,prose-oratory,single,191
div,subtype,prose-geography,source,190
biblScope,unit,prose-philosophy,pp,186
foreign,lang,prose-oratory,lat,176
head,rend,verse-didactic,align(center),171
div,subtype,attic-tragedy,antistrophe,160
label,lang,prose-epistolary,lat,160
div,subtype,attic-tragedy,strophe,159
w,type,prose-biography,N,159
sp,rend,prose-dialogue,align(indent),154
note,type,prose-biography,inline,153
p,rend,prose-philosophy,cont,153
div,subtype,prose-oratory,work,152
language,ident,prose-oratory,grc,151
milestone,unit,prose-oratory,altpage,151
foreign,lang,prose-philosophy,deu,149
teiHeader,lang,prose-oratory,eng,149
div,type,prose-oratory,edition,148
note,lang,prose-oratory,mul,148
div,lang,prose-oratory,grc,147
div,subtype,prose-geography,chapter,146
quote,rend,prose-philosophy,expand,146
div,subtype,verse-didactic,fable,144
bibl,lang,prose-oratory,lat,142
idno,type,prose-oratory,filename,139
head,rend,prose-oratory,bold; center,137
language,ident,prose-oratory,lat,135
title,lang,prose-philosophy,grc,133
w,type,prose-biography,V,132
div,subtype,prose-philosophy,haeresis,131
milestone,unit,prose-dialogue,Reitz_page,130
p,rend,prose-philosophy,indent(hang),130
milestone,unit,prose-philosophy,subchapter,128
biblScope,unit,prose-oratory,volume,124
w,type,prose-biography,PPERS,124
biblScope,unit,prose-philosophy,vol,121
hi,rend,prose-philosophy,indent,120
w,type,prose-biography,ART,120
milestone,unit,prose-philosophy,sentence,118
l,rend,verse-didactic,indent,116
hi,rend,prose-geography,italic,114
head,rend,prose-philosophy,align(center),113
milestone,unit,prose-biography,chapter,111
milestone,unit,prose-biography,altref,111
foreign,lang,prose-historiography,abbr,109
language,ident,prose-oratory,deu,109
div,subtype,prose-philosophy,entry,107
persName,role,prose-epistolary,principal,102
note,type,prose-dialogue,marginal,99
milestone,unit,attic-tragedy,para,97
title,lang,prose-epistolary,lat,97
milestone,ed,attic-tragedy,P,96
milestone,unit,prose-philosophy,Kühn_page,93
div,subtype,prose-philosophy,lines,92
p,rend,verse-epigram,indent,92
addName,lang,prose-oratory,deu,90
name,lang,prose-oratory,lat,90
editor,role,prose-philosophy,translator,89
language,ident,prose-philosophy,fre,87
bibl,lang,verse-epigram,lat,84
head,rend,prose-biography,center,84
lb,rend,verse-epigram,indent,84
w,type,prose-biography,PPERO,83
author,lang,prose-historiography,lat,82
title,lang,prose-philosophy,fre,80
w,lang,prose-biography,Greek,80
hi,rend,attic-tragedy,sub,79
q,rend,prose-historiography,cont,77
persName,role,prose-biography,principal,75
div,subtype,prose-biography,paragraph,73
div,subtype,prose-epistolary,verse,72
div,subtype,prose-philosophy,folio,72
milestone,unit,prose-geography,section,72
p,rend,prose-biography,merge,72
title,lang,prose-biography,lat,71
ref,rend,verse-epic,bold,70
title,lang,prose-geography,lat,69
language,ident,prose-philosophy,deu,68
milestone,unit,prose-oratory,chapter,67
milestone,unit,prose-oratory,altref,67
milestone,unit,prose-philosophy,altpage,66
title,lang,prose-historiography,lat,65
quote,rend,prose-philosophy,"blockquote, merge",63
teiHeader,lang,prose-historiography,eng,63
milestone,unit,verse-elegiac,Reitz_page,62
note,type,verse-epic,marginal,62
quote,rend,prose-biography,blockquote,62
w,type,prose-biography,CONJ,62
div,type,prose-historiography,edition,61
language,ident,prose-philosophy,eng,61
language,ident,prose-historiography,grc,60
div,lang,prose-historiography,grc,59
div,subtype,prose-oratory,homilia,59
language,ident,prose-historiography,lat,59
l,rend,attic-tragedy,indent,58
w,type,prose-biography,APST,58
biblScope,unit,prose-historiography,volume,57
div,type,verse-iambic,textpart,57
idno,type,prose-historiography,filename,56
l,rend,prose-philosophy, indent,55
div,subtype,verse-elegiac,section,54
div,type,verse-elegiac,textpart,54
emph,rend,prose-philosophy,bold,54
title,lang,prose-philosophy,deu,53
div,lang,prose-epistolary,grc,52
div,type,prose-epistolary,edition,52
figure,rend,prose-philosophy,table,52
language,ident,prose-epistolary,grc,52
teiHeader,lang,prose-epistolary,eng,52
author,lang,prose-biography,lat,51
div,subtype,attic-tragedy,anapests,51
fw,type,prose-geography,catchword,51
milestone,unit,prose-biography,altpage2,51
div,subtype,attic-tragedy,episode,50
sp,rend,prose-dialogue,merge,50
idno,type,prose-epistolary,filename,48
label,rend,prose-philosophy,italic,48
milestone,unit,prose-biography,altpage1,47
note,lang,prose-biography,lat,46
teiHeader,lang,prose-biography,eng,46
div,subtype,attic-tragedy,choral,45
language,ident,prose-biography,grc,45
milestone,unit,prose-oratory,altpage2,45
bibl,lang,prose-philosophy,deu,43
div,type,prose-biography,edition,42
idno,type,prose-biography,filename,42
title,lang,prose-philosophy,mul,42
div,lang,prose-biography,grc,41
div,type,prose-philosophy,translation,41
foreign,lang,verse-epigram,grc,41
sp,rend,verse-elegiac,merge,41
foreign,lang,prose-biography,lat,40
pb,type,prose-philosophy,col2,40
pb,type,prose-philosophy,col1,40
milestone,unit,prose-biography,oldchapter,39
milestone,unit,prose-philosophy,ms1folio,38
w,type,prose-biography,ADV,38
milestone,unit,prose-oratory,Reitz_page,37
milestone,unit,prose-philosophy,mspage,37
note,place,prose-philosophy,margin,37
w,lang,prose-biography,Hebrew,37
div,subtype,verse-epigram,poem,36
div,subtype,verse-iambic,section,36
hi,rend,prose-philosophy,subscript,36
note,lang,prose-oratory,eng,36
w,type,prose-biography,NPROP,36
author,lang,prose-oratory,lat,35
div,subtype,prose-philosophy,poem,35
idno,type,prose-geography,filename,35
language,ident,prose-geography,lat,35
milestone,unit,prose-oratory,altpage1,35
milestone,unit,prose-philosophy,ms,35
quote,rend,prose-oratory,blockquote,35
teiHeader,lang,prose-geography,eng,35
author,lang,prose-epistolary,lat,34
label,type,attic-tragedy,speaker,34
language,ident,prose-geography,grc,34
pb,ed,prose-oratory,alt,34
title,type,prose-geography,main,34
w,type,prose-biography,CCIRC,34
foreign,lang,verse-iambic,grc,33
idno,type,verse-didactic,filename,33
quote,rend,prose-philosophy,blockquote; merge,33
teiHeader,lang,verse-didactic,eng,33
bibl,lang,prose-historiography,lat,32
date,type,prose-philosophy,printing,32
div,lang,prose-philosophy,eng,32
language,ident,verse-didactic,grc,32
title,type,prose-geography,subtitle,32
author,lang,verse-didactic,lat,31
div,subtype,prose-philosophy,excerpt,31
div,subtype,prose-geography,book,30
div,subtype,prose-philosophy,work,30
p,rend,prose-philosophy,align(left),30
persName,role,prose-oratory,principal,30
q,lang,prose-philosophy,grc,30
sp,rend,prose-oratory,align(indent),30
title,lang,verse-didactic,lat,30
div,lang,prose-geography,grc,29
div,type,prose-geography,edition,29
gap,unit,verse-didactic,character,29
p,rend,verse-epic,indent,29
w,type,prose-biography,PUNCT,29
biblScope,unit,prose-geography,volume,28
div,lang,verse-didactic,grc,28
div,type,verse-didactic,edition,28
language,ident,prose-biography,lat,28
rdg,type,prose-biography,corr,28
title,type,prose-philosophy,s,28
title,type,prose-philosophy,m,28
biblScope,unit,prose-biography,volume,27
gap,rend,prose-oratory, . . . . . . . . . . . . . . . . . . . . . . . . . . . . . . . . . . . . . . . . . . . . . ,27
head,type,prose-geography,title,27
hi,rend,prose-biography,overline,27
publisher,lang,prose-philosophy,deu,27
rdg,type,prose-biography,orig,27
abbr,type,prose-biography,nomSac,26
div,subtype,prose-philosophy,centuria,26
div,subtype,verse-didactic,book,26
language,ident,verse-didactic,lat,26
p,lang,verse-epigram,lat,26
quote,rend,verse-epic,blockquote,26
title,lang,prose-historiography,grc,26
w,type,prose-biography,PTC,26
biblScope,unit,prose-epistolary,volume,25
div,subtype,prose-philosophy,psalm,25
foreign,lang,prose-geography,grc,25
milestone,unit,prose-oratory,section,25
date,type,prose-philosophy,release,24
div,subtype,verse-didactic,sentence,24
language,ident,prose-epistolary,lat,24
language,ident,prose-geography,deu,24
q,rend,prose-philosophy,merge,24
title,type,prose-philosophy,main,24
l,rend,verse-didactic, indent,23
milestone,type,verse-didactic,edition,23
milestone,unit,verse-didactic,section,23
p,rend,prose-philosophy,blockquote;merge,23
q,rend,prose-philosophy,simple,23
title,type,prose-philosophy,sub,23
label,lang,verse-epic,eng,22
milestone,unit,attic-tragedy,strophe,22
q,rend,prose-philosophy,expand,22
div,subtype,verse-iambic,poem,21
gap,rend,prose-biography, . . . ,21
l,rend,verse-epic,indent,21
milestone,unit,attic-tragedy,antistrophe,21
p,rend,prose-philosophy,center,21
p,rend,verse-iambic,indent,21
w,type,prose-biography,PPOS,21
bibl,lang,verse-iambic,lat,20
div,lang,prose-philosophy,lat,20
div,subtype,prose-philosophy,letter,20
figure,place,prose-philosophy,top,20
foreign,lang,verse-epigram,lat,20
div,subtype,attic-tragedy,ephymnion,19
div,subtype,prose-dialogue,paragraph,19
note,lang,verse-epic,lat,19
biblScope,unit,verse-didactic,volume,18
div,subtype,prose-epistolary,paragraph,18
div,subtype,prose-historiography,fragment,18
foreign,lang,prose-biography,grc,18
gap,rend,prose-philosophy, .... ,18
label,rend,prose-biography,italic,18
p,rend,prose-biography,center,18
w,type,prose-biography,VSTAT,18
lb,rend,prose-philosophy,center,17
note,lang,prose-biography,eng,17
note,place,prose-philosophy,below,17
p,rend,prose-philosophy,align(center),17
publisher,lang,prose-philosophy,fre,17
div,subtype,verse-epic,fragment,16
foreign,lang,prose-philosophy,xgrc,16
gap,rend,prose-philosophy,...,16
head,rend,prose-philosophy,indent,16
name,lang,prose-philosophy,lat,16
note,type,verse-lyric-pindaric,footnote,16
q,rend,prose-geography,single,16
w,type,prose-biography,CREL,16
foreign,lang,prose-oratory,grc,15
foreign,lang,verse-epic,abbr,15
foreign,rend,prose-philosophy,italic,15
head,lang,verse-iambic,lat,15
note,type,prose-philosophy,foodnote,15
quote,lang,verse-epic,grc,15
quote,rend,prose-philosophy,align(blockquote),15
quote,rend,verse-elegiac,blockquote,15
quote,type,prose-biography,blockquote,15
ref,rend,verse-epic,center,15
sp,rend,prose-oratory,merge,15
title,lang,attic-tragedy,lat,15
title,lang,verse-didactic,grc,15
foreign,lang,prose-historiography,deu,14
foreign,lang,verse-iambic,lat,14
p,rend,prose-philosophy,blockquote,14
p,rend,prose-philosophy,align (left),14
quote,type,prose-philosophy,blcokquote,14
title,lang,prose-dialogue,lat,14
author,lang,prose-philosophy,fre,13
bibl,lang,verse-epic,eng,13
div,subtype,verse-lyric-pindaric,poem,13
hi,rend,prose-philosophy,italic,13
list,rend,prose-philosophy,table,13
p,rend,prose-epistolary,indent(hang),13
quote,rend,prose-dialogue,blockquote,13
quote,rend,prose-philosophy,merge; script,13
title,type,prose-geography,sub,13
title,type,prose-oratory,main,13
bibl,lang,verse-epic,lat,12
biblScope,unit,prose-dialogue,volume,12
biblScope,unit,verse-epic,volume,12
div,lang,attic-tragedy,grc,12
div,lang,prose-dialogue,grc,12
div,subtype,prose-dialogue,book,12
div,subtype,prose-philosophy,commentary,12
div,type,attic-tragedy,edition,12
div,type,prose-dialogue,edition,12
idno,type,verse-epic,filename,12
label,lang,prose-philosophy,mul,12
language,ident,attic-tragedy,lat,12
language,ident,attic-tragedy,grc,12
language,ident,prose-dialogue,grc,12
language,ident,verse-epic,lat,12
milestone,ed,prose-philosophy,v2,12
milestone,unit,prose-philosophy,nextchapter,12
persName,role,verse-didactic,principal,12
persName,role,verse-epic,principal,12
quote,lang,prose-philosophy,grc,12
teiHeader,lang,attic-tragedy,eng,12
teiHeader,lang,verse-epic,eng,12
title,type,prose-oratory,sub,12
div,subtype,prose-philosophy,volume,11
head,lang,prose-philosophy,mul,11
hi,rend,prose-philosophy,sup,11
idno,type,prose-dialogue,filename,11
language,ident,prose-philosophy,greek,11
quote,rend,prose-historiography,blockquote,11
teiHeader,lang,prose-dialogue,eng,11
title,lang,prose-oratory,grc,11
title,lang,verse-epic,lat,11
author,lang,verse-epic,lat,10
author,lang,verse-lyric-monodic,lat,10
div,subtype,attic-tragedy,epode,10
div,type,prose-biography,translation,10
div,type,prose-philosophy,commentary,10
div,type,verse-epic,edition,10
foreign,lang,verse-epic,lat,10
note,place,verse-epic,end,10
note,type,prose-biography,foot,10
p,lang,prose-philosophy,deu,10
p,rend,prose-biography,align(center),10
quote,rend,prose-philosophy,"blockquote, indent",10
title,lang,prose-geography,grc,10
title,lang,prose-oratory,deu,10
w,type,prose-biography,ACONJ,10
div,lang,verse-epic,grc,9
div,subtype,prose-biography,book,9
div,subtype,prose-oratory,fragment,9
editor,lang,prose-geography,lat,9
foreign,lang,prose-oratory,abbr,9
head,lang,prose-philosophy,deu,9
label,lang,prose-philosophy,eng,9
language,ident,verse-epic,grc,9
milestone,unit,attic-comedy,Reitz_page,9
name,lang,prose-geography,lat,9
note,place,verse-epic,inline,9
persName,role,prose-geography,principal,9
pubPlace,lang,prose-philosophy,lat,9
sp,rend,verse-elegiac,align(indent),9
title,lang,attic-tragedy,grc,9
title,lang,verse-epigram,lat,9
w,type,prose-biography,IMOD,9
w,type,prose-biography,CPRET,9
ab,rend,verse-epic,center,8
div,subtype,verse-didactic,fragment,8
editor,role,prose-geography,translator,8
figure,place,prose-philosophy,margin,8
figure,place,prose-philosophy,inline,8
foreign,lang,verse-epigram,eng,8
gap,rend,prose-philosophy, ... ,8
gap,rend,verse-epic,. . .,8
head,rend,prose-oratory,center,8
hi,rend,prose-biography,superscript,8
hi,rend,prose-philosophy,right align,8
label,lang,prose-biography,eng,8
language,ident,prose-oratory,eng,8
milestone,type,prose-philosophy,print,8
milestone,unit,prose-historiography,altpage1,8
note,place,prose-biography,inline,8
note,place,prose-philosophy,left margin,8
p,lang,verse-iambic,lat,8
q,rend,verse-epic,merge,8
title,lang,prose-biography,grc,8
title,lang,prose-dialogue,grc,8
w,type,prose-biography,APREC,8
addName,lang,prose-geography,deu,7
biblScope,unit,prose-philosophy,part,7
div,subtype,attic-tragedy,lyric,7
div,subtype,prose-epistolary,book,7
div,subtype,prose-oratory,paragraph,7
figure,place,prose-philosophy,inspace,7
foreign,lang,prose-epistolary,lat,7
head,lang,prose-oratory,lat,7
listBibl,lang,prose-geography,lat,7
name,lang,prose-geography,deu,7
name,lang,prose-philosophy,deu,7
note,type,verse-epigram,marginal,7
p,rend,prose-epistolary,center,7
persName,lang,prose-philosophy,deu,7
publisher,lang,prose-oratory,deu,7
q,lang,verse-epic,grc,7
q,lang,verse-epic,deu,7
quote,lang,prose-philosophy,lat,7
quote,rend,prose-philosophy,align(indent),7
title,lang,verse-lyric-pindaric,lat,7
w,type,prose-biography,PPERI,7
TEI,lang,prose-philosophy,eng,6
bibl,lang,prose-philosophy,fre,6
biblScope,unit,verse-lyric-monodic,volume,6
date,type,prose-philosophy,range,6
div,lang,verse-lyric-monodic,grc,6
div,subtype,verse-epigram,chapter,6
div,type,prose-geography,translation,6
div,type,verse-lyric-monodic,edition,6
editor,lang,prose-philosophy,lat,6
editor,lang,prose-philosophy,deu,6
editor,role,prose-oratory,translator,6
editor,role,prose-philosophy,editor,6
gap,rend,prose-oratory,. . . . . . . . . . . . . . . . . . . . . . . . . . . . . . . . . . . . . . . . . . . . .,6
idno,type,verse-lyric-monodic,filename,6
language,ident,verse-lyric-monodic,grc,6
milestone,unit,prose-oratory,altsection,6
milestone,unit,prose-philosophy,ed1folio,6
name,lang,prose-philosophy,eng,6
note,lang,prose-oratory,lat,6
note,type,prose-historiography,marginaDl,6
note,type,prose-oratory,translation,6
persName,lang,prose-philosophy,fre,6
persName,role,prose-dialogue,principal,6
persName,role,prose-historiography,principal,6
persName,role,verse-epigram,principal,6
persName,role,verse-iambic,principal,6
q,rend,prose-biography,single,6
sp,rend,verse-elegiac,merge; align(indent),6
teiHeader,lang,verse-lyric-monodic,eng,6
title,lang,prose-historiography,mul,6
title,lang,verse-didactic,mul,6
title,rend,verse-epic,italic,6
date,type,prose-dialogue,release,5
div,lang,prose-philosophy,deu,5
div,lang,verse-epigram,grc,5
div,subtype,attic-tragedy,trochees,5
div,type,verse-epigram,edition,5
emph,rend,prose-philosophy,spaced,5
foreign,lang,prose-historiography,lat,5
foreign,lang,prose-philosophy,mul,5
head,rend,verse-iambic,center,5
hi,rend,prose-philosophy,supraline,5
idno,type,attic-tragedy,filename,5
idno,type,verse-epigram,filename,5
language,ident,prose-biography,eng,5
language,ident,prose-dialogue,lat,5
language,ident,prose-geography,eng,5
language,ident,verse-didactic,eng,5
language,ident,verse-didactic,deu,5
language,ident,verse-epigram,lat,5
language,ident,verse-epigram,grc,5
language,ident,verse-lyric-monodic,lat,5
lg,rend,prose-philosophy,blockquote;figure,5
listBibl,lang,prose-philosophy,lat,5
milestone,ed,prose-philosophy,v1,5
note,type,prose-historiography,margina,5
note,type,prose-philosophy,altnum,5
p,rend,prose-oratory,center,5
p,rend,prose-oratory,align(indent),5
p,rend,prose-philosophy,align (center),5
pb,ed,prose-philosophy,P,5
pb,ed,prose-philosophy,M,5
publisher,lang,prose-philosophy,lat,5
quote,rend,prose-philosophy,small,5
quote,rend,prose-philosophy,indent,5
teiHeader,lang,verse-epigram,eng,5
title,lang,prose-epistolary,grc,5
title,lang,verse-lyric-monodic,grc,5
title,rend,prose-philosophy,italic,5
title,type,prose-epistolary,s,5
title,type,prose-epistolary,m,5
w,type,prose-biography,VBD,5
w,type,prose-biography,FUT,5
author,lang,prose-dialogue,lat,4
author,lang,prose-geography,lat,4
author,lang,verse-epigram,lat,4
author,lang,verse-lyric-pindaric,lat,4
date,type,prose-epistolary,printing,4
div,lang,prose-biography,eng,4
div,lang,prose-geography,lat,4
div,lang,prose-historiography,lat,4
div,lang,verse-didactic,eng,4
div,subtype,prose-geography,fragment,4
div,subtype,prose-philosophy,essay,4
div,subtype,verse-lyric-pindaric,section,4
div,type,prose-biography,commentary,4
div,type,prose-biography,apparatus,4
div,type,verse-didactic,commentary,4
editor,role,prose-historiography,translator,4
emph,rend,prose-philosophy,italic,4
foreign,lang,prose-philosophy,fre,4
foreign,lang,prose-philosophy,eng,4
gap,rend,prose-philosophy,*,4
head,lang,prose-epistolary,lat,4
hi,rend,attic-tragedy,sup,4
label,rend,verse-iambic,bold,4
language,ident,verse-epic,deu,4
lg,rend,prose-philosophy,merge,4
list,type,prose-geography,index,4
listBibl,lang,prose-oratory,lat,4
milestone,unit,prose-philosophy,42,4
note,type,prose-historiography,margnal,4
note,type,prose-philosophy,margipnal,4
note,type,prose-philosophy,footnote1,4
pubPlace,lang,prose-philosophy,deu,4
q,rend,prose-philosophy,signle,4
q,type,prose-philosophy,single,4
quote,lang,verse-epic,deu,4
quote,rend,prose-philosophy,smallcaps,4
quote,rend,prose-philosophy,blockquote;double,4
title,lang,prose-historiography,deu,4
title,lang,verse-epic,grc,4
title,lang,verse-epic,deu,4
title,type,prose-geography,explanation,4
title,type,prose-oratory,s,4
title,type,prose-oratory,m,4
title,type,prose-philosophy,subtitle,4
w,type,prose-biography,PINT,4
w,type,prose-biography,NEG,4
w,type,prose-biography,COP,4
w,type,prose-biography,CFOC,4
ab,lang,prose-geography,lat,3
author,lang,attic-tragedy,lat,3
author,lang,prose-philosophy,eng,3
bibl,lang,prose-epistolary,lat,3
biblScope,unit,prose-geography,pp,3
date,type,prose-oratory,release,3
date,type,verse-epic,printing,3
div,lang,verse-lyric-pindaric,grc,3
div,subtype,attic-tragedy,section,3
div,subtype,attic-tragedy,hypothesis,3
div,subtype,attic-tragedy,castlist,3
div,type,prose-oratory,translation,3
div,type,prose-philosophy,apparatus,3
div,type,verse-lyric-pindaric,edition,3
editor,lang,prose-geography,deu,3
editor,role,prose-biography,translator,3
foreign,lang,prose-geography,abbr,3
foreign,lang,verse-didactic,lat,3
head,rend,verse-epigram,center,3
head,type,prose-philosophy,subhead,3
imprint,lang,prose-philosophy,lat,3
item,rend,prose-philosophy,header,3
l,rend,prose-biography,center,3
l,rend,prose-philosophy,right align,3
l,rend,verse-elegiac,align(indent),3
label,lang,attic-tragedy,lat,3
language,ident,prose-historiography,deu,3
language,ident,verse-lyric-pindaric,lat,3
language,ident,verse-lyric-pindaric,grc,3
lg,rend,prose-philosophy,align(right),3
lg,rend,prose-philosophy,align(left),3
milestone,unit,prose-historiography,volume,3
milestone,unit,prose-philosophy,9,3
name,lang,prose-biography,lat,3
note,place,prose-epistolary,inline,3
note,rend,prose-philosophy,margin,3
note,type,prose-historiography,marginalB,3
note,type,prose-historiography,margial,3
note,type,prose-philosophy,marginl,3
note,type,prose-philosophy,margial,3
note,type,prose-philosophy,footnte,3
note,type,prose-philosophy,footnot,3
note,type,verse-epic,commentary,3
note,type,verse-epic,app_crit,3
note,type,verse-epigram,footnote,3
pb,ed,prose-philosophy,V,3
persName,role,attic-tragedy,principal,3
persName,role,verse-lyric-monodic,principal,3
publisher,lang,verse-didactic,deu,3
q,lang,prose-philosophy,lat,3
q,rend,prose-biography,merge,3
q,rend,prose-biography,double,3
q,rend,prose-epistolary,merge,3
quote,rend,prose-epistolary,blockquote,3
quote,rend,prose-philosophy,blockquote;merge,3
quote,rend,prose-philosophy,blcokquote,3
quote,rend,verse-epic,indent,3
sp,rend,prose-dialogue,merge; align(indent),3
title,lang,prose-biography,eng,3
title,lang,prose-geography,deu,3
title,lang,verse-didactic,deu,3
title,lang,verse-iambic,lat,3
title,type,prose-biography,sub,3
title,type,prose-geography,summary,3
title,type,prose-geography,alternative,3
title,type,prose-historiography,s,3
titleStmt,lang,verse-epic,lat,3
add,rend,prose-philosophy,merge,2
addName,lang,prose-geography,dut,2
addName,lang,prose-philosophy,deu,2
author,lang,prose-biography,mul,2
author,lang,prose-epistolary,mul,2
author,lang,prose-epistolary,eng,2
author,lang,prose-philosophy,mul,2
bibl,lang,prose-historiography,deu,2
biblScope,unit,prose-geography,issue,2
biblScope,unit,verse-didactic,vol,2
biblScope,unit,verse-epigram,volume,2
date,type,attic-tragedy,release,2
div,lang,prose-biography,lat,2
div,lang,prose-geography,eng,2
div,lang,prose-oratory,eng,2
div,lang,prose-philosophy,mul,2
div,lang,verse-iambic,grc,2
div,subtype,attic-tragedy,iambics,2
div,subtype,prose-biography,part,2
div,subtype,prose-oratory,book,2
div,subtype,prose-philosophy,quaestio,2
div,subtype,prose-philosophy,index,2
div,subtype,verse-didactic,work,2
div,subtype,verse-didactic,index,2
div,subtype,verse-lyric-pindaric,chapter,2
div,type,prose-historiography,translation,2
div,type,verse-epic,translation,2
div,type,verse-iambic,edition,2
editor,role,verse-didactic,translator,2
editor,role,verse-didactic,editor,2
figure,place,prose-philosophy,right margin,2
foreign,lang,verse-epic,eng,2
foreign,lang,verse-iambic,eng,2
gap,rend,prose-oratory,. . . . . . . . . . . . . . .,2
gap,rend,prose-oratory,. . . . . . . . . . . ,2
gap,rend,prose-oratory,. . . . . . . . . . ,2
gap,rend,prose-philosophy,........,2
gap,rend,prose-philosophy,.....,2
gap,rend,verse-epic,. . . .,2
head,lang,prose-philosophy,fre,2
head,lang,verse-epigram,lat,2
head,type,prose-geography,inscription,2
head,type,prose-oratory,subhead,2
hi,rend,attic-tragedy,superscript,2
idno,type,verse-iambic,filename,2
l,rend,prose-oratory,indent,2
label,lang,verse-epigram,lat,2
language,ident,prose-epistolary,deu,2
language,ident,prose-geography,fre,2
language,ident,prose-geography,dut,2
language,ident,prose-philosophy,xgrc,2
language,ident,prose-philosophy,French,2
language,ident,verse-epic,eng,2
language,ident,verse-epigram,eng,2
language,ident,verse-iambic,lat,2
language,ident,verse-iambic,grc,2
list,rend,prose-philosophy,numbered,2
list,rend,prose-philosophy,column,2
milestone,type,prose-geography,worktitle,2
milestone,unit,prose-geography,textpart,2
milestone,unit,prose-historiography,biblos,2
milestone,unit,verse-epic,para,2
monogr,lang,prose-philosophy,lat,2
name,lang,prose-geography,eng,2
name,lang,verse-didactic,lat,2
note,place,prose-philosophy,right margin,2
note,place,prose-philosophy,bottom,2
note,type,prose-biography,footnote1,2
note,type,prose-historiography,marginalC,2
note,type,prose-historiography,footnot2e,2
note,type,prose-oratory,margin,2
note,type,prose-philosophy,marpginal,2
note,type,prose-philosophy,marginapl,2
note,type,prose-philosophy,marginalp,2
note,type,prose-philosophy,marginale,2
note,type,prose-philosophy,marginai,2
note,type,prose-philosophy,footote,2
note,type,verse-epic,testimonia,2
note,type,verse-epigram,header,2
p,rend,prose-dialogue,indent,2
p,rend,prose-dialogue,align(indent),2
p,rend,prose-philosophy,align(right),2
persName,lang,prose-epistolary,lat,2
persName,lang,prose-oratory,lat,2
quote,type,prose-philosophy,blovkquote,2
quote,type,prose-philosophy,blockquote>,2
teiHeader,lang,verse-iambic,eng,2
teiHeader,lang,verse-lyric-pindaric,eng,2
text,lang,prose-philosophy,grc,2
title,lang,prose-philosophy,eng,2
title,lang,unknown,lat,2
title,rend,prose-philosophy,center,2
title,type,prose-historiography,sub,2
w,type,prose-biography,PDEM,2
w,type,prose-biography,EXIST,2
w,type,prose-biography,AOPT,2
abbr,type,prose-biography,num,1
addName,lang,verse-didactic,deu,1
author,lang,prose-geography,eng,1
author,lang,verse-didactic,mul,1
bibl,lang,prose-historiography,mul,1
bibl,lang,verse-epigram,mul,1
bibl,type,prose-philosophy,lat,1
biblScope,unit,attic-comedy,volume,1
biblScope,unit,attic-tragedy,volume,1
biblScope,unit,prose-epistolary,pp,1
biblScope,unit,prose-philosophy,page,1
biblScope,unit,prose-philosophy,appendix,1
biblScope,unit,unknown,volume,1
biblScope,unit,verse-didactic,pp,1
biblScope,unit,verse-elegiac,volume,1
biblScope,unit,verse-iambic,volume,1
corr,type,prose-philosophy,silent,1
date,type,attic-comedy,release,1
date,type,prose-geography,publication,1
date,type,verse-elegiac,release,1
date,type,verse-iambic,printing,1
date,type,verse-lyric-monodic,printing,1
div,lang,attic-comedy,grc,1
div,lang,prose-biography,cop,1
div,lang,prose-historiography,eng,1
div,lang,prose-oratory,lat,1
div,lang,prose-oratory,deu,1
div,lang,unknown,grc,1
div,lang,verse-didactic,mul,1
div,lang,verse-elegiac,grc,1
div,lang,verse-epic,lat,1
div,lang,verse-epic,eng,1
div,lang,verse-epic,deu,1
div,lang,verse-lyric-pindaric,mul,1
div,met,attic-tragedy,trochaic,1
div,subtype,attic-tragedy,proode,1
div,subtype,attic-tragedy,dramatispersonae,1
div,subtype,attic-tragedy,close,1
div,subtype,prose-dialogue,work,1
div,subtype,prose-epistolary,fragment,1
div,subtype,prose-geography,line,1
div,subtype,prose-geography,index,1
div,subtype,prose-philosophy,sigla,1
div,subtype,prose-philosophy,preface,1
div,subtype,unknown,paragraph,1
div,subtype,verse-didactic,notes,1
div,subtype,verse-didactic,heading,1
div,subtype,verse-didactic,appendix,1
div,subtype,verse-epic,book,1
div,subtype,verse-epigram,work,1
div,type,attic-comedy,edition,1
div,type,unknown,textpart,1
div,type,unknown,commentary,1
div,type,verse-didactic,translation,1
div,type,verse-elegiac,edition,1
editor,lang,prose-biography,lat,1
editor,lang,prose-historiography,fre,1
editor,lang,prose-philosophy,ita,1
editor,lang,verse-didactic,lat,1
editor,lang,verse-didactic,deu,1
editor,role,prose-epistolary,translator,1
editor,role,prose-historiography,editor,1
editor,role,prose-oratory,editor,1
emph,rend,verse-epic,bold,1
figure,place,prose-philosophy,in line,1
foreign,lang,prose-biography,fre,1
foreign,lang,prose-biography,abbr,1
foreign,lang,prose-historiography,grc,1
foreign,lang,prose-philosophy,lt,1
foreign,lang,prose-philosophy,lalt,1
foreign,lang,prose-philosophy,gcr,1
foreign,lang,prose-philosophy,dei,1
fw,type,prose-geography,subscription,1
gap,rend,prose-biography, . . . . . ,1
gap,rend,prose-oratory,. . . . . . . . . . .,1
gap,rend,prose-oratory,. . . . . . . . . .,1
gap,rend,prose-oratory,. . . . . . . . . ,1
gap,rend,prose-oratory,. . . . . . . . ,1
gap,rend,prose-oratory, . . . . . . . . . . . . . . . . . . . . . . . . . . . . . . . . . . . . ,1
gap,rend,prose-oratory, . . . . ,1
gap,rend,prose-philosophy,....,1
gap,rend,prose-philosophy,* * *,1
gap,unit,prose-geography,character,1
gap,unit,verse-didactic,line,1
head,lang,verse-epic,lat,1
head,rend,prose-epistolary,indent,1
head,rend,prose-historiography,center,1
head,rend,prose-philosophy,cnter,1
head,type,prose-geography,                             title,1
hi,lang,prose-philosophy,lat,1
hi,rend,attic-tragedy,subscript,1
hi,rend,prose-historiography,superscript,1
hi,rend,prose-philosophy,itlic,1
idno,type,attic-comedy,filename,1
idno,type,unknown,filename,1
idno,type,verse-elegiac,filename,1
idno,type,verse-lyric-pindaric,filename,1
imprint,lang,prose-geography,lat,1
l,rend,attic-comedy,align(indent),1
l,rend,attic-tragedy,5,1
l,rend,prose-dialogue,align(indent),1
l,rend,prose-oratory,align(indent),1
l,rend,prose-philosophy,intent,1
l,rend,prose-philosophy,indent2,1
l,rend,prose-philosophy,cenyer,1
l,rend,prose-philosophy,align(indent),1
l,rend,verse-epigram,indent,1
label,lang,prose-epistolary,deu,1
label,lang,prose-historiography,lat,1
label,lang,verse-epigram,eng,1
label,rend,verse-epic,center,1
language,ident,attic-comedy,grc,1
language,ident,prose-biography,fre,1
language,ident,prose-biography,deu,1
language,ident,prose-biography,cop,1
language,ident,prose-dialogue,deu,1
language,ident,prose-epistolary,fre,1
language,ident,prose-historiography,fre,1
language,ident,prose-historiography,eng,1
language,ident,prose-philosophy,mul,1
language,ident,prose-philosophy,ita,1
language,ident,prose-philosophy,ger,1
language,ident,unknown,lat,1
language,ident,unknown,grc,1
language,ident,verse-elegiac,grc,1
language,ident,verse-iambic,eng,1
lb,rend,prose-biography,indent,1
lb,rend,prose-oratory,paragraph,1
lb,rend,prose-philosophy,align(indent),1
lg,rend,prose-philosophy,blockquote;figure;tree,1
lg,rend,prose-philosophy,align(middle);diagonal,1
list,rend,prose-philosophy,head,1
listBibl,lang,prose-philosophy,grc,1
milestone,unit,attic-tragedy,epode,1
milestone,unit,prose-biography,nextchapter,1
milestone,unit,verse-didactic,altpage1,1
monogr,lang,prose-philosophy,deu,1
name,lang,prose-historiography,lat,1
name,lang,prose-historiography,fre,1
name,lang,prose-historiography,eng,1
name,lang,prose-philosophy,ita,1
name,type,prose-biography,org,1
note,lang,prose-geography,lat,1
note,lang,prose-philosophy,grc,1
note,place,prose-biography,below,1
note,rend,prose-philosophy,hidden,1
note,type,prose-biography,marginalp,1
note,type,prose-biography,footnot1e,1
note,type,prose-biography,editorial,1
note,type,prose-epistolary,translation,1
note,type,prose-epistolary,marginalW,1
note,type,prose-geography,subscription,1
note,type,prose-historiography,marginapl,1
note,type,prose-historiography,marginalp,1
note,type,prose-historiography,foodnote,1
note,type,prose-historiography,fo6tnote,1
note,type,prose-oratory,Τfootnote,1
note,type,prose-oratory,footnte,1
note,type,prose-oratory,footnot1e,1
note,type,prose-oratory,foonote,1
note,type,prose-philosophy,marinalΑB,1
note,type,prose-philosophy,margpinal,1
note,type,prose-philosophy,marginaΣl,1
note,type,prose-philosophy,marginaΕl,1
note,type,prose-philosophy,marginalXXXIVv,1
note,type,prose-philosophy,marginalHdt.,1
note,type,prose-philosophy,marginalE,1
note,type,prose-philosophy,marginalB,1
note,type,prose-philosophy,marginal919a,1
note,type,prose-philosophy,marginal77v,1
note,type,prose-philosophy,marginael,1
note,type,verse-epic,testimonium,1
note,type,verse-epic,margial,1
note,type,verse-epic,homeric_verses,1
p,lang,prose-historiography,lat,1
p,lang,prose-philosophy,mul,1
p,lang,prose-philosophy,lt,1
p,lang,prose-philosophy,latt,1
p,lang,prose-philosophy,fre,1
p,lang,prose-philosophy,eng,1
p,lang,verse-epic,lat,1
p,lang,verse-iambic,eng,1
p,rend,prose-dialogue,blockquote,1
p,rend,prose-oratory,continuous,1
p,rend,prose-oratory,center; bold,1
p,rend,prose-philosophy,in,1
p,rend,prose-philosophy,ident,1
p,rend,prose-philosophy,align left),1
p,rend,verse-epigram,center,1
pubPlace,lang,prose-geography,lat,1
publisher,lang,prose-dialogue,deu,1
publisher,lang,prose-geography,lat,1
q,lang,verse-epic,dseu,1
q,rend,prose-historiography,single,1
q,rend,prose-oratory,spaced,1
q,rend,prose-oratory,merge,1
q,rend,prose-philosophy,single; merge,1
q,rend,prose-philosophy,double; merge,1
quote,lang,prose-oratory,lat,1
quote,lang,verse-epic,lat,1
quote,lang,verse-epigram,grc,1
quote,rend,prose-biography,indent,1
quote,rend,prose-biography,blockqupte,1
quote,rend,prose-dialogue,blockquote; align(indent),1
quote,rend,prose-oratory,merge,1
quote,rend,prose-oratory,blockquote; center,1
quote,rend,prose-philosophy,merge,1
quote,rend,prose-philosophy,bloclkquote,1
quote,rend,prose-philosophy,blockquote;indent,1
quote,rend,prose-philosophy,blockquote; small,1
quote,rend,prose-philosophy,blockquote; indent,1
quote,rend,prose-philosophy,blockquote; align(indent),1
quote,rend,verse-elegiac,blcokquote,1
quote,type,prose-epistolary,blockquote,1
quote,type,prose-philosophy,bloxkquote,1
quote,type,verse-epigram,blockquote,1
ref,lang,prose-biography,eng,1
ref,lang,prose-dialogue,eng,1
ref,lang,prose-philosophy,lt,1
ref,lang,prose-philosophy,grc,1
ref,type,prose-biography,license,1
ref,type,prose-philosophy,alternate,1
said,rend,prose-philosophy,merge,1
seg,rend,prose-philosophy,superscript,1
sp,rend,prose-oratory,align(indent); merge,1
teiHeader,lang,attic-comedy,eng,1
teiHeader,lang,prose-philosophy,lat,1
teiHeader,lang,unknown,eng,1
teiHeader,lang,verse-elegiac,eng,1
teiHeader,lang,verse-lyric-pindaric,lat,1
text,lang,prose-biography,grc,1
title,lang,attic-comedy,lat,1
title,lang,attic-comedy,grc,1
title,lang,prose-biography,mul,1
title,lang,prose-biography,deu,1
title,lang,prose-dialogue,mul,1
title,lang,prose-dialogue,fre,1
title,lang,prose-epistolary,mul,1
title,lang,prose-epistolary,fre,1
title,lang,prose-geography,fre,1
title,lang,prose-geography,eng,1
title,lang,verse-elegiac,lat,1
title,lang,verse-elegiac,grc,1
title,lang,verse-lyric-monodic,lat,1
title,lang,verse-lyric-pindaric,mul,1
title,type,prose-biography,subtitle,1
title,type,prose-biography,document,1
title,type,prose-epistolary,sub,1
title,type,prose-epistolary,main,1
title,type,prose-geography,section,1
title,type,prose-geography,desc,1
title,type,prose-geography,argument,1
title,type,prose-geography,alt,1
title,type,prose-historiography,m,1
title,type,verse-didactic,sub,1
titleStmt,lang,prose-historiography,lat,1
titleStmt,lang,prose-philosophy,lat,1
titleStmt,lang,verse-didactic,lat,1
