element,genre,file_count,instance_count
lb,prose-philosophy,589,679032
p,prose-philosophy,767,267224
div,prose-philosophy,767,199644
note,prose-philosophy,381,155461
pb,prose-philosophy,750,83410
p,prose-historiography,63,48558
lb,prose-historiography,42,47709
div,prose-historiography,63,35573
ref,prose-philosophy,762,29246
note,prose-historiography,53,28593
milestone,prose-philosophy,226,27212
l,verse-didactic,20,19139
l,prose-philosophy,198,17025
l,attic-tragedy,11,16593
div,verse-didactic,33,15894
lb,prose-oratory,128,15646
note,prose-oratory,127,14799
p,verse-didactic,33,14042
pb,prose-historiography,63,13310
p,prose-oratory,151,12651
quote,prose-philosophy,115,11718
del,prose-philosophy,152,11426
label,prose-philosophy,53,10614
div,prose-oratory,151,9234
p,prose-epistolary,52,8330
bibl,prose-philosophy,57,8317
milestone,prose-historiography,19,8237
add,prose-philosophy,154,8027
l,verse-lyric-monodic,6,7773
head,prose-philosophy,666,7549
div,prose-epistolary,52,7420
lb,prose-biography,28,6630
persName,prose-philosophy,759,6289
foreign,attic-tragedy,7,5664
lb,prose-epistolary,13,5576
resp,prose-philosophy,760,5539
hi,prose-philosophy,11,5400
respStmt,prose-philosophy,760,5381
foreign,prose-philosophy,91,5349
pb,prose-oratory,151,5082
p,prose-geography,35,5002
p,prose-biography,48,4860
q,prose-philosophy,81,4775
lb,verse-didactic,21,4559
note,prose-epistolary,18,4495
div,prose-biography,48,4454
l,prose-historiography,32,4271
note,verse-didactic,20,4172
lg,prose-philosophy,147,4160
note,attic-tragedy,11,3794
lb,prose-geography,17,3566
gap,prose-philosophy,113,3545
div,verse-lyric-monodic,6,3543
p,verse-epic,12,3240
div,prose-geography,35,3221
div,verse-epic,12,2912
lg,verse-lyric-monodic,2,2891
p,verse-lyric-monodic,6,2839
pb,verse-didactic,33,2661
sp,attic-tragedy,10,2309
speaker,attic-tragedy,10,2306
w,prose-biography,2,1958
note,verse-lyric-pindaric,3,1906
title,prose-philosophy,767,1884
p,verse-lyric-pindaric,3,1804
foreign,verse-didactic,7,1792
pb,prose-biography,46,1761
pb,prose-epistolary,52,1733
orgName,prose-philosophy,367,1675
note,prose-biography,30,1668
editor,prose-philosophy,767,1663
ref,attic-tragedy,12,1654
div,attic-tragedy,12,1626
p,prose-dialogue,12,1604
q,prose-historiography,9,1565
language,prose-philosophy,767,1559
publisher,prose-philosophy,767,1539
date,prose-philosophy,767,1530
pubPlace,prose-philosophy,767,1515
author,prose-philosophy,767,1453
supplied,prose-philosophy,1,1453
item,prose-philosophy,8,1448
seg,attic-tragedy,1,1365
persName,prose-oratory,145,1354
resp,prose-oratory,146,1323
respStmt,prose-oratory,146,1205
div,prose-dialogue,12,1186
label,prose-epistolary,24,1183
milestone,prose-oratory,16,1144
pb,prose-geography,34,1144
lg,prose-historiography,23,1126
cRefPattern,prose-philosophy,767,1103
lg,verse-didactic,12,1065
milestone,attic-tragedy,9,963
lb,prose-dialogue,4,926
foreign,verse-epic,5,924
biblScope,prose-philosophy,659,923
div,verse-lyric-pindaric,3,920
lb,verse-epic,8,892
note,verse-lyric-monodic,5,890
head,verse-didactic,29,838
note,prose-geography,7,835
note,verse-epic,12,793
imprint,prose-philosophy,767,773
monogr,prose-philosophy,767,770
p,verse-epigram,5,769
encodingDesc,prose-philosophy,767,768
TEI,prose-philosophy,767,767
availability,prose-philosophy,767,767
biblStruct,prose-philosophy,767,767
body,prose-philosophy,767,767
fileDesc,prose-philosophy,767,767
langUsage,prose-philosophy,767,767
profileDesc,prose-philosophy,767,767
publicationStmt,prose-philosophy,767,767
refsDecl,prose-philosophy,767,767
sourceDesc,prose-philosophy,767,767
teiHeader,prose-philosophy,767,767
text,prose-philosophy,767,767
titleStmt,prose-philosophy,767,767
licence,prose-philosophy,764,764
funder,prose-philosophy,756,758
l,verse-epic,8,758
idno,prose-philosophy,753,753
figure,prose-philosophy,27,723
graphic,prose-philosophy,23,715
head,prose-historiography,54,695
persName,prose-epistolary,52,684
change,prose-philosophy,535,660
pb,prose-dialogue,12,636
head,prose-epistolary,43,633
resp,prose-epistolary,52,607
authority,prose-philosophy,603,605
respStmt,prose-epistolary,52,600
pb,attic-tragedy,11,596
quote,attic-tragedy,2,575
del,verse-didactic,5,556
phr,prose-biography,1,545
num,prose-historiography,5,538
revisionDesc,prose-philosophy,535,535
persName,prose-historiography,62,532
num,prose-philosophy,7,529
note,prose-dialogue,4,526
head,prose-oratory,142,518
principal,prose-philosophy,412,504
add,prose-oratory,16,503
resp,prose-historiography,63,503
label,prose-biography,6,492
l,prose-oratory,48,477
orgName,prose-epistolary,35,473
respStmt,prose-historiography,63,472
bibl,prose-epistolary,8,471
head,prose-geography,31,444
pb,verse-epic,12,438
milestone,prose-dialogue,6,432
cb,prose-philosophy,4,420
lb,verse-epigram,5,404
language,prose-oratory,151,403
listBibl,prose-philosophy,403,403
sic,prose-philosophy,36,399
add,verse-didactic,2,398
q,verse-didactic,1,389
supplied,prose-geography,21,384
corr,prose-philosophy,3,381
name,prose-philosophy,339,366
gap,verse-didactic,4,363
milestone,prose-biography,2,360
title,prose-oratory,151,331
bibl,attic-tragedy,1,330
editor,prose-oratory,151,314
del,prose-geography,18,313
persName,prose-biography,46,303
publisher,prose-oratory,151,302
pubPlace,prose-oratory,151,300
author,prose-oratory,151,299
date,prose-oratory,151,290
list,prose-philosophy,8,289
persName,verse-didactic,33,283
pb,verse-lyric-monodic,6,282
q,prose-oratory,3,272
l,prose-geography,7,267
q,prose-epistolary,9,261
resp,verse-didactic,33,253
persName,prose-geography,35,249
respStmt,verse-didactic,33,244
div,verse-epigram,5,242
lb,verse-lyric-pindaric,2,241
resp,prose-biography,47,241
ab,verse-epic,3,239
respStmt,prose-biography,47,238
sponsor,prose-philosophy,237,237
gap,prose-geography,24,216
resp,prose-geography,35,212
respStmt,prose-geography,35,210
sp,prose-dialogue,4,207
speaker,prose-dialogue,4,207
bibl,prose-geography,6,201
foreign,prose-oratory,5,200
head,verse-lyric-monodic,5,190
lb,verse-iambic,2,184
del,prose-oratory,11,180
said,prose-philosophy,1,180
quote,prose-geography,6,178
cit,prose-geography,5,176
date,prose-historiography,63,176
series,prose-philosophy,175,175
cRefPattern,prose-oratory,151,174
l,attic-comedy,1,174
title,prose-geography,35,171
bibl,prose-oratory,4,169
editorialDecl,prose-philosophy,168,168
correction,prose-philosophy,165,165
l,prose-biography,5,162
ref,prose-oratory,151,161
edition,attic-tragedy,1,155
TEI,prose-oratory,151,151
availability,prose-oratory,151,151
biblStruct,prose-oratory,151,151
body,prose-oratory,151,151
encodingDesc,prose-oratory,151,151
fileDesc,prose-oratory,151,151
imprint,prose-oratory,151,151
langUsage,prose-oratory,151,151
monogr,prose-oratory,151,151
profileDesc,prose-oratory,151,151
publicationStmt,prose-oratory,151,151
refsDecl,prose-oratory,151,151
sourceDesc,prose-oratory,151,151
teiHeader,prose-oratory,151,151
text,prose-oratory,151,151
titleStmt,prose-oratory,151,151
licence,prose-oratory,150,150
principal,prose-oratory,136,150
seg,prose-philosophy,3,149
title,prose-historiography,63,148
editor,prose-historiography,63,145
funder,prose-oratory,144,144
seg,prose-oratory,4,142
authority,prose-oratory,141,141
idno,prose-oratory,139,139
bibl,verse-epigram,2,130
name,prose-oratory,124,130
foreign,prose-historiography,4,129
listBibl,prose-oratory,128,128
pubPlace,prose-historiography,63,128
publisher,prose-historiography,63,128
bibl,verse-epic,4,126
author,prose-historiography,63,125
biblScope,prose-oratory,123,124
cRefPattern,prose-historiography,63,124
language,prose-historiography,63,124
head,prose-biography,27,122
sponsor,prose-oratory,120,120
ref,verse-epic,12,118
hi,prose-geography,4,114
title,prose-epistolary,52,112
publisher,prose-epistolary,52,111
editor,prose-epistolary,52,109
pubPlace,prose-epistolary,52,109
title,prose-biography,48,106
add,prose-biography,6,103
language,prose-geography,35,102
date,prose-epistolary,52,100
orgName,prose-biography,26,100
persName,verse-epic,12,95
meeting,prose-philosophy,94,94
publisher,prose-biography,47,94
ab,prose-biography,2,91
pubPlace,prose-biography,46,91
addName,prose-oratory,90,90
editor,prose-biography,46,90
principal,prose-historiography,60,89
date,prose-biography,46,88
hi,attic-tragedy,6,86
ref,prose-epistolary,52,86
del,prose-historiography,10,85
q,prose-geography,2,82
language,prose-biography,48,81
ref,prose-biography,48,80
language,prose-epistolary,52,79
quote,prose-biography,12,79
item,prose-geography,3,78
resp,verse-epic,12,77
cRefPattern,prose-epistolary,52,76
lg,prose-geography,7,76
pubPlace,attic-tragedy,12,76
add,prose-historiography,5,75
editor,prose-geography,35,74
milestone,prose-geography,4,74
author,prose-epistolary,52,73
q,prose-biography,5,73
respStmt,verse-epic,12,73
add,prose-geography,3,72
author,prose-biography,47,72
pb,verse-epigram,5,72
date,attic-tragedy,12,71
del,prose-biography,4,71
ref,prose-historiography,63,71
author,prose-geography,35,69
change,prose-biography,41,69
date,prose-geography,35,69
foreign,verse-epigram,2,69
publisher,prose-geography,35,69
title,verse-didactic,33,69
language,verse-didactic,33,68
lg,prose-oratory,45,68
p,verse-iambic,2,68
quote,verse-epic,4,68
pubPlace,prose-geography,35,67
sic,verse-didactic,2,67
date,verse-didactic,33,66
editor,verse-didactic,33,66
publisher,verse-didactic,33,66
pubPlace,verse-didactic,33,65
emph,prose-philosophy,5,64
TEI,prose-historiography,63,63
availability,prose-historiography,63,63
biblStruct,prose-historiography,63,63
body,prose-historiography,63,63
cRefPattern,prose-geography,35,63
encodingDesc,prose-historiography,63,63
fileDesc,prose-historiography,63,63
imprint,prose-historiography,63,63
langUsage,prose-historiography,63,63
licence,prose-historiography,63,63
monogr,prose-historiography,63,63
profileDesc,prose-historiography,63,63
publicationStmt,prose-historiography,63,63
refsDecl,prose-historiography,63,63
sourceDesc,prose-historiography,63,63
teiHeader,prose-historiography,63,63
text,prose-historiography,63,63
titleStmt,prose-historiography,63,63
funder,prose-historiography,62,62
milestone,verse-elegiac,1,62
authority,prose-historiography,61,61
p,verse-elegiac,1,61
cRefPattern,prose-biography,48,60
foreign,prose-biography,11,60
author,verse-didactic,33,59
change,prose-oratory,46,59
div,verse-iambic,2,59
name,prose-historiography,51,58
biblScope,prose-historiography,52,57
change,prose-historiography,54,57
gap,prose-oratory,10,56
idno,prose-historiography,56,56
sp,verse-elegiac,1,56
speaker,verse-elegiac,1,56
div,verse-elegiac,1,55
lg,verse-epic,4,55
rdg,prose-biography,1,55
imprint,prose-epistolary,52,54
label,attic-tragedy,1,54
p,attic-tragedy,11,54
persName,verse-epigram,5,54
revisionDesc,prose-historiography,54,54
cRefPattern,verse-didactic,33,53
listBibl,prose-historiography,53,53
TEI,prose-epistolary,52,52
availability,prose-epistolary,52,52
biblStruct,prose-epistolary,52,52
body,prose-epistolary,52,52
encodingDesc,prose-epistolary,52,52
fileDesc,prose-epistolary,52,52
funder,prose-epistolary,52,52
fw,prose-geography,4,52
langUsage,prose-epistolary,52,52
licence,prose-epistolary,52,52
monogr,prose-epistolary,52,52
profileDesc,prose-epistolary,52,52
publicationStmt,prose-epistolary,52,52
refsDecl,prose-epistolary,52,52
sourceDesc,prose-epistolary,52,52
teiHeader,prose-epistolary,52,52
text,prose-epistolary,52,52
titleStmt,prose-epistolary,52,52
foreign,verse-iambic,2,50
funder,prose-biography,46,50
TEI,prose-biography,48,48
availability,prose-biography,48,48
body,prose-biography,48,48
change,prose-epistolary,42,48
encodingDesc,prose-biography,48,48
fileDesc,prose-biography,48,48
idno,prose-epistolary,48,48
langUsage,prose-biography,48,48
orgName,prose-oratory,12,48
profileDesc,prose-biography,48,48
publicationStmt,prose-biography,48,48
refsDecl,prose-biography,48,48
sourceDesc,prose-biography,48,48
teiHeader,prose-biography,48,48
text,prose-biography,48,48
titleStmt,prose-biography,48,48
licence,prose-biography,47,47
biblStruct,prose-biography,46,46
imprint,prose-biography,46,46
monogr,prose-biography,46,46
q,verse-epic,3,46
resp,verse-epigram,5,46
revisionDesc,prose-oratory,46,46
sp,prose-oratory,1,46
sp,attic-comedy,1,46
speaker,prose-oratory,1,46
speaker,attic-comedy,1,46
bibl,verse-iambic,2,45
quote,prose-oratory,3,45
quote,verse-epigram,2,45
respStmt,verse-epigram,5,45
s,prose-biography,1,45
idno,prose-biography,44,44
orgName,verse-didactic,5,44
gap,prose-historiography,6,43
ab,prose-philosophy,3,42
revisionDesc,prose-epistolary,42,42
persName,verse-lyric-monodic,6,41
revisionDesc,prose-biography,41,41
quotation,prose-philosophy,40,40
l,prose-dialogue,2,39
lg,prose-biography,4,39
persName,prose-dialogue,6,39
change,verse-didactic,32,38
principal,verse-didactic,28,38
resp,prose-dialogue,11,38
change,prose-geography,34,37
label,prose-historiography,2,37
normalization,prose-philosophy,37,37
respStmt,prose-dialogue,11,37
supplied,verse-didactic,2,37
ref,prose-geography,34,36
ref,verse-didactic,32,36
TEI,prose-geography,35,35
availability,prose-geography,35,35
bibl,prose-historiography,1,35
biblStruct,prose-geography,35,35
body,prose-geography,35,35
encodingDesc,prose-geography,35,35
fileDesc,prose-geography,35,35
funder,prose-geography,35,35
hi,prose-biography,2,35
idno,prose-geography,35,35
imprint,prose-geography,35,35
langUsage,prose-geography,35,35
licence,prose-geography,35,35
monogr,prose-geography,35,35
profileDesc,prose-geography,35,35
publicationStmt,prose-geography,35,35
refsDecl,prose-geography,35,35
sourceDesc,prose-geography,35,35
teiHeader,prose-geography,35,35
text,prose-geography,35,35
title,verse-epic,12,35
titleStmt,prose-geography,35,35
biblScope,prose-geography,31,34
correction,prose-epistolary,34,34
editorialDecl,prose-epistolary,34,34
gap,verse-lyric-pindaric,1,34
revisionDesc,prose-geography,34,34
TEI,verse-didactic,33,33
authority,prose-geography,33,33
availability,verse-didactic,33,33
biblStruct,verse-didactic,33,33
body,verse-didactic,33,33
encodingDesc,verse-didactic,33,33
fileDesc,verse-didactic,33,33
forename,prose-philosophy,32,33
funder,verse-didactic,33,33
head,prose-dialogue,5,33
idno,verse-didactic,33,33
imprint,verse-didactic,33,33
langUsage,verse-didactic,33,33
licence,verse-didactic,33,33
monogr,verse-didactic,33,33
principal,prose-geography,31,33
profileDesc,verse-didactic,33,33
publicationStmt,verse-didactic,33,33
refsDecl,verse-didactic,33,33
resp,verse-lyric-monodic,6,33
resp,attic-tragedy,12,33
respStmt,verse-lyric-monodic,6,33
sourceDesc,verse-didactic,33,33
space,prose-philosophy,1,33
surname,prose-philosophy,32,33
teiHeader,verse-didactic,33,33
text,verse-didactic,33,33
titleStmt,verse-didactic,33,33
gap,prose-biography,5,32
l,verse-elegiac,1,32
lb,attic-tragedy,5,32
pb,verse-elegiac,1,32
respStmt,attic-tragedy,12,32
revisionDesc,verse-didactic,32,32
sic,prose-biography,6,32
abbr,prose-geography,7,31
ex,prose-geography,7,31
expan,prose-geography,7,31
listBibl,prose-geography,31,31
name,prose-geography,30,31
biblScope,prose-biography,30,30
editor,verse-epic,12,30
person,prose-philosophy,2,30
sponsor,prose-historiography,30,30
authority,verse-didactic,29,29
forename,prose-epistolary,27,29
meeting,prose-historiography,29,29
persName,attic-tragedy,5,29
surname,prose-epistolary,27,29
foreign,prose-geography,8,28
listBibl,verse-didactic,28,28
name,verse-didactic,28,28
abbr,prose-biography,1,27
app,prose-biography,1,27
language,verse-epic,12,27
biblScope,prose-epistolary,24,26
emph,prose-biography,1,26
correction,prose-biography,25,25
editorialDecl,prose-biography,25,25
lb,verse-lyric-monodic,3,25
title,prose-dialogue,12,25
author,attic-tragedy,12,24
date,verse-epic,12,24
editor,attic-tragedy,12,24
editor,prose-dialogue,12,24
language,attic-tragedy,12,24
milestone,verse-didactic,2,24
orgName,verse-epigram,2,24
publisher,verse-epic,12,24
publisher,attic-tragedy,12,24
publisher,prose-dialogue,12,24
title,attic-tragedy,12,24
author,prose-dialogue,12,23
date,prose-dialogue,12,23
label,verse-epic,2,23
pubPlace,prose-dialogue,12,23
add,verse-lyric-pindaric,2,22
authority,prose-biography,22,22
principal,prose-biography,21,22
biblScope,verse-didactic,21,21
change,attic-tragedy,12,21
persName,verse-iambic,2,21
pubPlace,verse-epic,12,21
cRefPattern,verse-epic,12,20
listBibl,prose-biography,20,20
persName,verse-lyric-pindaric,3,20
ref,prose-dialogue,12,20
forename,prose-biography,19,19
head,attic-tragedy,10,19
m,prose-biography,1,19
pb,verse-lyric-pindaric,2,19
principal,prose-epistolary,16,19
resp,verse-lyric-pindaric,3,19
respStmt,verse-lyric-pindaric,3,19
surname,prose-biography,19,19
add,prose-epistolary,1,18
authority,prose-epistolary,18,18
figDesc,prose-philosophy,4,18
language,prose-dialogue,12,18
orgName,prose-historiography,4,18
author,verse-epic,11,17
name,prose-biography,16,17
name,attic-tragedy,9,16
pb,verse-iambic,2,16
quote,verse-elegiac,1,16
change,verse-epic,12,15
head,verse-iambic,2,15
orgName,verse-iambic,2,15
quote,prose-dialogue,2,15
resp,verse-iambic,2,15
respStmt,verse-iambic,2,15
cRefPattern,prose-dialogue,12,14
editor,verse-epigram,5,14
meeting,prose-oratory,14,14
name,verse-epic,11,14
sic,prose-oratory,2,14
ab,prose-geography,5,13
add,attic-tragedy,2,13
cRefPattern,attic-tragedy,12,13
gap,attic-tragedy,7,13
gap,verse-epic,2,13
l,prose-epistolary,3,13
label,verse-epigram,2,13
listBibl,prose-epistolary,13,13
name,prose-dialogue,8,13
orgName,verse-epic,4,13
quote,prose-historiography,2,13
TEI,verse-epic,12,12
TEI,attic-tragedy,12,12
TEI,prose-dialogue,12,12
author,verse-lyric-monodic,6,12
availability,verse-epic,12,12
availability,prose-dialogue,12,12
biblScope,verse-epic,12,12
biblScope,prose-dialogue,11,12
biblStruct,verse-epic,12,12
biblStruct,attic-tragedy,12,12
biblStruct,prose-dialogue,12,12
body,verse-epic,12,12
body,attic-tragedy,12,12
body,prose-dialogue,12,12
change,prose-dialogue,11,12
date,verse-lyric-monodic,6,12
del,verse-epic,2,12
editor,verse-lyric-monodic,6,12
encodingDesc,verse-epic,12,12
encodingDesc,attic-tragedy,12,12
encodingDesc,prose-dialogue,12,12
fileDesc,verse-epic,12,12
fileDesc,attic-tragedy,12,12
fileDesc,prose-dialogue,12,12
funder,verse-epic,12,12
head,verse-epic,8,12
idno,verse-epic,12,12
imprint,verse-epic,12,12
imprint,attic-tragedy,12,12
imprint,prose-dialogue,12,12
langUsage,verse-epic,12,12
langUsage,attic-tragedy,12,12
langUsage,prose-dialogue,12,12
language,verse-epigram,5,12
licence,verse-epic,12,12
licence,prose-dialogue,12,12
monogr,verse-epic,12,12
monogr,attic-tragedy,12,12
monogr,prose-dialogue,12,12
name,prose-epistolary,12,12
note,verse-epigram,3,12
orgName,prose-geography,4,12
principal,verse-epic,8,12
principal,attic-tragedy,11,12
profileDesc,verse-epic,12,12
profileDesc,attic-tragedy,12,12
profileDesc,prose-dialogue,12,12
publicationStmt,verse-epic,12,12
publicationStmt,attic-tragedy,12,12
publicationStmt,prose-dialogue,12,12
publisher,verse-lyric-monodic,6,12
refsDecl,verse-epic,12,12
refsDecl,attic-tragedy,12,12
refsDecl,prose-dialogue,12,12
revisionDesc,verse-epic,12,12
revisionDesc,attic-tragedy,12,12
sourceDesc,verse-epic,12,12
sourceDesc,attic-tragedy,12,12
sourceDesc,prose-dialogue,12,12
sponsor,verse-didactic,12,12
teiHeader,verse-epic,12,12
teiHeader,attic-tragedy,12,12
teiHeader,prose-dialogue,12,12
text,verse-epic,12,12
text,attic-tragedy,12,12
text,prose-dialogue,12,12
title,verse-lyric-monodic,6,12
titleStmt,verse-epic,12,12
titleStmt,attic-tragedy,12,12
titleStmt,prose-dialogue,12,12
abstract,prose-philosophy,11,11
authority,attic-tragedy,11,11
bibl,prose-biography,1,11
cRefPattern,verse-lyric-monodic,6,11
cit,prose-philosophy,3,11
correction,prose-oratory,11,11
editorialDecl,prose-oratory,11,11
funder,prose-dialogue,11,11
idno,prose-dialogue,11,11
language,verse-lyric-monodic,6,11
principal,prose-dialogue,9,11
pubPlace,verse-lyric-monodic,6,11
revisionDesc,prose-dialogue,11,11
title,verse-epigram,5,11
author,verse-epigram,5,10
authority,prose-dialogue,10,10
availability,attic-tragedy,10,10
date,verse-epigram,5,10
funder,attic-tragedy,10,10
licence,attic-tragedy,10,10
meeting,verse-didactic,10,10
orgName,attic-tragedy,3,10
persName,unknown,1,10
pubPlace,verse-epigram,5,10
publisher,verse-epigram,5,10
quote,verse-iambic,1,10
resp,unknown,1,10
series,prose-historiography,10,10
sponsor,attic-tragedy,10,10
addName,prose-geography,9,9
milestone,attic-comedy,1,9
q,verse-iambic,2,9
respStmt,unknown,1,9
authority,verse-epic,8,8
del,prose-epistolary,2,8
forename,prose-oratory,6,8
head,verse-epigram,4,8
listBibl,verse-epic,8,8
q,prose-dialogue,2,8
sponsor,prose-epistolary,8,8
surname,prose-oratory,6,8
title,verse-lyric-pindaric,3,8
cRefPattern,verse-epigram,5,7
change,verse-epigram,5,7
correction,prose-dialogue,7,7
editorialDecl,prose-dialogue,7,7
extent,attic-tragedy,7,7
foreign,prose-epistolary,2,7
lg,prose-dialogue,1,7
num,verse-iambic,1,7
pb,attic-comedy,1,7
ref,verse-lyric-monodic,6,7
ref,verse-epigram,5,7
series,prose-biography,7,7
sponsor,prose-dialogue,7,7
TEI,verse-lyric-monodic,6,6
add,verse-epic,3,6
author,verse-lyric-pindaric,3,6
availability,verse-lyric-monodic,6,6
biblScope,verse-lyric-monodic,6,6
biblStruct,verse-lyric-monodic,6,6
body,verse-lyric-monodic,6,6
change,verse-lyric-monodic,6,6
editor,verse-iambic,2,6
editor,verse-lyric-pindaric,3,6
encodingDesc,verse-lyric-monodic,6,6
fileDesc,verse-lyric-monodic,6,6
funder,verse-lyric-monodic,6,6
handNote,prose-biography,1,6
idno,verse-lyric-monodic,6,6
imprint,verse-lyric-monodic,6,6
langUsage,verse-lyric-monodic,6,6
language,verse-lyric-pindaric,3,6
licence,verse-lyric-monodic,6,6
monogr,verse-lyric-monodic,6,6
name,verse-lyric-monodic,6,6
profileDesc,verse-lyric-monodic,6,6
pubPlace,verse-lyric-pindaric,3,6
publicationStmt,verse-lyric-monodic,6,6
publisher,verse-lyric-pindaric,3,6
quote,prose-epistolary,4,6
refsDecl,verse-lyric-monodic,6,6
revisionDesc,verse-lyric-monodic,6,6
series,prose-oratory,6,6
sourceDesc,verse-lyric-monodic,6,6
sponsor,prose-biography,6,6
teiHeader,verse-lyric-monodic,6,6
text,verse-lyric-monodic,6,6
titleStmt,verse-lyric-monodic,6,6
TEI,verse-epigram,5,5
authority,verse-lyric-monodic,5,5
availability,verse-epigram,5,5
biblStruct,verse-epigram,5,5
body,verse-epigram,5,5
corr,prose-geography,4,5
del,attic-tragedy,2,5
encodingDesc,verse-epigram,5,5
fileDesc,verse-epigram,5,5
funder,verse-epigram,5,5
idno,attic-tragedy,5,5
idno,verse-epigram,5,5
imprint,verse-epigram,5,5
item,attic-tragedy,1,5
label,prose-oratory,1,5
langUsage,verse-epigram,5,5
language,verse-iambic,2,5
licence,verse-epigram,5,5
listBibl,verse-lyric-monodic,5,5
monogr,verse-epigram,5,5
principal,verse-lyric-monodic,5,5
profileDesc,verse-epigram,5,5
publicationStmt,verse-epigram,5,5
q,verse-epigram,2,5
refsDecl,verse-epigram,5,5
revisionDesc,verse-epigram,5,5
sourceDesc,verse-epigram,5,5
teiHeader,verse-epigram,5,5
text,verse-epigram,5,5
titleStmt,verse-epigram,5,5
unclear,prose-philosophy,5,5
author,verse-iambic,2,4
cRefPattern,verse-lyric-pindaric,3,4
cb,prose-biography,1,4
change,verse-iambic,2,4
correction,verse-didactic,4,4
correction,verse-epic,4,4
date,verse-iambic,2,4
date,verse-lyric-pindaric,3,4
editorialDecl,verse-didactic,4,4
editorialDecl,verse-epic,4,4
head,verse-lyric-pindaric,3,4
label,verse-iambic,1,4
list,prose-geography,3,4
listBibl,attic-tragedy,3,4
meeting,verse-epic,4,4
p,attic-comedy,1,4
pc,prose-biography,1,4
principal,verse-epigram,3,4
publisher,verse-iambic,2,4
rdg,prose-geography,1,4
ref,verse-iambic,2,4
title,verse-iambic,2,4
TEI,verse-lyric-pindaric,3,3
add,prose-dialogue,1,3
authority,verse-lyric-pindaric,3,3
authority,verse-epigram,3,3
availability,verse-lyric-pindaric,3,3
biblStruct,verse-lyric-pindaric,3,3
body,verse-lyric-pindaric,3,3
cRefPattern,verse-iambic,2,3
desc,prose-geography,3,3
encodingDesc,verse-lyric-pindaric,3,3
fileDesc,verse-lyric-pindaric,3,3
funder,verse-lyric-pindaric,3,3
imprint,verse-lyric-pindaric,3,3
langUsage,verse-lyric-pindaric,3,3
licence,verse-lyric-pindaric,3,3
listBibl,prose-dialogue,3,3
listBibl,verse-lyric-pindaric,3,3
listBibl,verse-epigram,3,3
meeting,prose-epistolary,3,3
monogr,verse-lyric-pindaric,3,3
msIdentifier,prose-biography,2,3
name,verse-epigram,3,3
normalization,prose-epistolary,3,3
normalization,verse-epic,3,3
orgName,verse-lyric-monodic,1,3
orgName,prose-dialogue,2,3
pb,unknown,1,3
principal,verse-lyric-pindaric,3,3
profileDesc,verse-lyric-pindaric,3,3
pubPlace,verse-iambic,2,3
publicationStmt,verse-lyric-pindaric,3,3
quotation,verse-epic,3,3
ref,verse-lyric-pindaric,3,3
refsDecl,verse-lyric-pindaric,3,3
series,verse-epic,3,3
sic,prose-geography,3,3
sourceDesc,verse-lyric-pindaric,3,3
sponsor,verse-epic,3,3
sponsor,prose-geography,3,3
teiHeader,verse-lyric-pindaric,3,3
text,verse-lyric-pindaric,3,3
titleStmt,verse-lyric-pindaric,3,3
TEI,verse-iambic,2,2
ab,prose-oratory,2,2
abstract,prose-oratory,2,2
add,verse-iambic,1,2
addName,prose-philosophy,2,2
app,prose-geography,1,2
author,verse-elegiac,1,2
author,attic-comedy,1,2
author,unknown,1,2
availability,verse-iambic,2,2
biblScope,verse-epigram,2,2
biblScope,verse-lyric-pindaric,2,2
biblStruct,verse-iambic,2,2
body,verse-iambic,2,2
change,verse-lyric-pindaric,2,2
choice,prose-geography,2,2
cit,prose-oratory,1,2
correction,verse-iambic,2,2
correction,verse-epigram,2,2
correction,prose-geography,2,2
correction,prose-historiography,2,2
country,prose-biography,2,2
date,verse-elegiac,1,2
date,attic-comedy,1,2
date,unknown,1,2
del,verse-lyric-pindaric,1,2
del,prose-dialogue,1,2
div,unknown,1,2
edition,prose-epistolary,2,2
editor,verse-elegiac,1,2
editor,attic-comedy,1,2
editor,unknown,1,2
editorialDecl,verse-iambic,2,2
editorialDecl,verse-epigram,2,2
editorialDecl,prose-geography,2,2
editorialDecl,prose-historiography,2,2
emph,verse-epic,1,2
encodingDesc,verse-iambic,2,2
figure,prose-oratory,1,2
fileDesc,verse-iambic,2,2
funder,verse-iambic,2,2
idno,verse-iambic,2,2
imprint,verse-iambic,2,2
langUsage,verse-iambic,2,2
language,unknown,1,2
lg,prose-epistolary,1,2
licence,verse-iambic,2,2
meeting,prose-dialogue,2,2
meeting,prose-geography,2,2
milestone,verse-epic,1,2
monogr,verse-iambic,2,2
msDesc,prose-biography,2,2
name,verse-elegiac,1,2
name,attic-comedy,1,2
normalization,prose-oratory,2,2
normalization,prose-biography,2,2
num,attic-tragedy,1,2
num,prose-epistolary,1,2
p,unknown,1,2
particDesc,prose-philosophy,2,2
principal,unknown,1,2
profileDesc,verse-iambic,2,2
pubPlace,verse-elegiac,1,2
pubPlace,attic-comedy,1,2
pubPlace,unknown,1,2
publicationStmt,verse-iambic,2,2
publisher,verse-elegiac,1,2
publisher,attic-comedy,1,2
publisher,unknown,1,2
quotation,prose-epistolary,2,2
quotation,prose-oratory,2,2
quotation,prose-biography,2,2
ref,verse-elegiac,1,2
ref,attic-comedy,1,2
refsDecl,verse-iambic,2,2
repository,prose-biography,2,2
revisionDesc,verse-iambic,2,2
revisionDesc,verse-lyric-pindaric,2,2
series,prose-epistolary,2,2
series,verse-didactic,2,2
series,verse-lyric-pindaric,2,2
sourceDesc,verse-iambic,2,2
sponsor,verse-epigram,2,2
teiHeader,verse-iambic,2,2
text,verse-iambic,2,2
title,verse-elegiac,1,2
title,attic-comedy,1,2
title,unknown,1,2
titleStmt,verse-iambic,2,2
TEI,verse-elegiac,1,1
TEI,attic-comedy,1,1
TEI,unknown,1,1
abbr,prose-epistolary,1,1
abstract,prose-biography,1,1
abstract,verse-didactic,1,1
add,verse-lyric-monodic,1,1
addName,verse-didactic,1,1
analytic,prose-philosophy,1,1
app,attic-tragedy,1,1
authority,verse-elegiac,1,1
authority,attic-comedy,1,1
authority,unknown,1,1
availability,verse-elegiac,1,1
availability,attic-comedy,1,1
availability,unknown,1,1
biblScope,attic-tragedy,1,1
biblScope,verse-elegiac,1,1
biblScope,attic-comedy,1,1
biblScope,verse-iambic,1,1
biblScope,unknown,1,1
biblStruct,verse-elegiac,1,1
biblStruct,attic-comedy,1,1
biblStruct,unknown,1,1
body,verse-elegiac,1,1
body,attic-comedy,1,1
body,unknown,1,1
cRefPattern,verse-elegiac,1,1
cRefPattern,attic-comedy,1,1
cRefPattern,unknown,1,1
change,verse-elegiac,1,1
change,attic-comedy,1,1
change,unknown,1,1
choice,prose-philosophy,1,1
collection,prose-biography,1,1
correction,verse-lyric-monodic,1,1
correction,attic-tragedy,1,1
correction,verse-elegiac,1,1
correction,attic-comedy,1,1
div,attic-comedy,1,1
edition,prose-philosophy,1,1
editorialDecl,verse-lyric-monodic,1,1
editorialDecl,attic-tragedy,1,1
editorialDecl,verse-elegiac,1,1
editorialDecl,attic-comedy,1,1
encodingDesc,verse-elegiac,1,1
encodingDesc,attic-comedy,1,1
encodingDesc,unknown,1,1
figDesc,attic-tragedy,1,1
figDesc,verse-epigram,1,1
figure,attic-tragedy,1,1
figure,verse-epigram,1,1
fileDesc,verse-elegiac,1,1
fileDesc,attic-comedy,1,1
fileDesc,unknown,1,1
forename,prose-historiography,1,1
forename,prose-dialogue,1,1
forename,verse-epic,1,1
funder,verse-elegiac,1,1
funder,attic-comedy,1,1
funder,unknown,1,1
gap,verse-epigram,1,1
graphic,attic-tragedy,1,1
graphic,verse-epigram,1,1
handNotes,prose-biography,1,1
head,unknown,1,1
hi,prose-historiography,1,1
history,prose-biography,1,1
idno,verse-elegiac,1,1
idno,attic-comedy,1,1
idno,verse-lyric-pindaric,1,1
idno,unknown,1,1
imprint,verse-elegiac,1,1
imprint,attic-comedy,1,1
imprint,unknown,1,1
incipit,prose-biography,1,1
l,verse-epigram,1,1
langUsage,verse-elegiac,1,1
langUsage,attic-comedy,1,1
langUsage,unknown,1,1
language,verse-elegiac,1,1
language,attic-comedy,1,1
lem,attic-tragedy,1,1
licence,verse-elegiac,1,1
licence,attic-comedy,1,1
licence,unknown,1,1
list,attic-tragedy,1,1
listBibl,unknown,1,1
listPerson,prose-philosophy,1,1
meeting,prose-biography,1,1
meeting,attic-tragedy,1,1
meeting,unknown,1,1
meeting,verse-epigram,1,1
monogr,verse-elegiac,1,1
monogr,attic-comedy,1,1
monogr,unknown,1,1
msContents,prose-biography,1,1
msItem,prose-biography,1,1
msName,prose-biography,1,1
msPart,prose-biography,1,1
name,verse-iambic,1,1
name,verse-lyric-pindaric,1,1
name,unknown,1,1
normalization,verse-lyric-monodic,1,1
normalization,verse-iambic,1,1
normalization,prose-geography,1,1
normalization,prose-dialogue,1,1
objectType,prose-biography,1,1
orig,verse-didactic,1,1
origin,prose-biography,1,1
principal,verse-elegiac,1,1
principal,attic-comedy,1,1
profileDesc,verse-elegiac,1,1
profileDesc,attic-comedy,1,1
profileDesc,unknown,1,1
publicationStmt,verse-elegiac,1,1
publicationStmt,attic-comedy,1,1
publicationStmt,unknown,1,1
q,attic-tragedy,1,1
q,verse-elegiac,1,1
quotation,verse-lyric-monodic,1,1
quotation,verse-iambic,1,1
quotation,prose-geography,1,1
quotation,prose-dialogue,1,1
rdg,attic-tragedy,1,1
ref,unknown,1,1
refsDecl,verse-elegiac,1,1
refsDecl,attic-comedy,1,1
refsDecl,unknown,1,1
resp,verse-elegiac,1,1
resp,attic-comedy,1,1
respStmt,verse-elegiac,1,1
respStmt,attic-comedy,1,1
revisionDesc,verse-elegiac,1,1
revisionDesc,attic-comedy,1,1
revisionDesc,unknown,1,1
series,prose-dialogue,1,1
series,verse-epigram,1,1
settlement,prose-biography,1,1
sourceDesc,verse-elegiac,1,1
sourceDesc,attic-comedy,1,1
sourceDesc,unknown,1,1
sponsor,verse-elegiac,1,1
sponsor,attic-comedy,1,1
sponsor,unknown,1,1
supplied,verse-epic,1,1
surname,prose-historiography,1,1
surname,prose-dialogue,1,1
surname,verse-epic,1,1
teiHeader,verse-elegiac,1,1
teiHeader,attic-comedy,1,1
teiHeader,unknown,1,1
text,verse-elegiac,1,1
text,attic-comedy,1,1
text,unknown,1,1
textLang,prose-biography,1,1
titleStmt,verse-elegiac,1,1
titleStmt,attic-comedy,1,1
titleStmt,unknown,1,1
